name,encoding,label
images,"-0.11496300250291824,0.10228849202394485,0.05198998004198074,-0.016169534996151924,-0.09107885509729385,-0.0028674378991127014,-0.0015848446637392044,-0.09656453132629395,0.10966785252094269,-0.06315357238054276,0.20350122451782227,-0.11708973348140717,-0.23889559507369995,-0.0211001168936491,-0.10695119947195053,0.10110334306955338,-0.1570012867450714,-0.05062373727560043,-0.1522032767534256,-0.06325101852416992,0.0012565248180180788,-0.00907019805163145,0.03483470901846886,-0.05442505329847336,-0.06141629442572594,-0.3195146918296814,-0.011534790508449078,-0.13196220993995667,0.09646902978420258,-0.05445041507482529,-0.07427871227264404,-0.011553161777555943,-0.251093327999115,-0.15311703085899353,-0.06328526139259338,0.034643083810806274,-0.09534820914268494,-0.04856691509485245,0.2098010927438736,-0.03665955737233162,-0.08990930765867233,0.06885603815317154,0.03215576708316803,0.26497116684913635,0.21540063619613647,0.036438506096601486,-0.002596244215965271,-0.07123754173517227,0.1546453982591629,-0.3497437834739685,0.10991218686103821,0.09611065685749054,0.12085600942373276,0.10186652094125748,0.06515485793352127,-0.15726852416992188,0.00875353068113327,0.11973458528518677,-0.15622583031654358,0.15504363179206848,0.1266891211271286,0.005194751545786858,-0.04216612130403519,-0.0803593248128891,0.19359174370765686,0.10020381957292557,-0.08048024028539658,-0.062985859811306,0.14275047183036804,-0.10873636603355408,0.07347095757722855,0.013291378505527973,-0.05882984772324562,-0.1787080466747284,-0.23656398057937622,0.11363553255796432,0.3680270314216614,0.1754869967699051,-0.1484687775373459,-0.05352654308080673,-0.12929531931877136,-0.025661390274763107,0.08332322537899017,-0.03503658249974251,-0.041089192032814026,-0.06905777752399445,-0.08895158767700195,0.037480682134628296,0.162851944565773,-0.06953535974025726,-0.03169170022010803,0.2432316392660141,0.003288986161351204,-0.04183052480220795,0.007669233717024326,0.0638246014714241,-0.16535042226314545,-0.002876023296266794,-0.13862615823745728,0.0477445088326931,0.08258826285600662,-0.17085130512714386,-0.006885746959596872,0.06712213903665543,-0.14933960139751434,0.14996948838233948,-0.06182244047522545,0.03453915938735008,0.042509160935878754,-0.09559204429388046,-0.07014765590429306,0.02140139229595661,0.18858222663402557,-0.18153798580169678,0.23329681158065796,0.14348015189170837,0.012922937981784344,0.161746084690094,0.0776987224817276,0.04079198092222214,0.027119312435388565,0.05612075701355934,-0.18454042077064514,-0.12201853096485138,0.013978056609630585,0.022368421778082848,0.0011304141953587532,0.09710310399532318",Criminal
istockphoto-1069518132-612x612,"-0.06203004717826843,0.10065203905105591,0.06562738120555878,-0.02563099004328251,-0.15062126517295837,-0.020133839920163155,-0.07454194128513336,-0.19841359555721283,0.18839433789253235,-0.1270662397146225,0.25731539726257324,-0.08130710572004318,-0.2625308334827423,-0.057714853435754776,-0.045426733791828156,0.18780800700187683,-0.21356996893882751,-0.18294809758663177,0.0004460792988538742,-0.028527874499559402,0.021044094115495682,-0.015386086888611317,0.08918462693691254,0.033474091440439224,-0.08000300824642181,-0.4265415668487549,-0.07575135678052902,-0.0711364895105362,0.09854558110237122,-0.023575736209750175,-0.0633690282702446,0.09396712481975555,-0.203597754240036,-0.0609491728246212,0.08280466496944427,0.11403455585241318,0.006330917123705149,-0.12248864024877548,0.18394125998020172,-0.12452667951583862,-0.28504306077957153,-0.007108826190233231,0.07477188110351562,0.2390565425157547,0.125963494181633,0.021553553640842438,0.0011563468724489212,-0.17250275611877441,0.10196463018655777,-0.1407211422920227,0.07073985040187836,0.13821299374103546,0.07198705524206161,-0.022045306861400604,0.014711828902363777,-0.20119081437587738,-0.009512464515864849,0.14636337757110596,-0.17891845107078552,-0.049630891531705856,0.08706098049879074,-0.07473200559616089,-0.03197365999221802,-0.1581898182630539,0.27089279890060425,0.10225389897823334,-0.09985337406396866,-0.2258872538805008,0.17632454633712769,-0.10443737357854843,-0.020814357325434685,0.09750054031610489,-0.17448659241199493,-0.16043712198734283,-0.26769059896469116,-0.03616318851709366,0.4119475483894348,0.05837377533316612,-0.1711447834968567,0.06173295900225639,-0.058152005076408386,-0.012857790105044842,0.04707212373614311,0.1787353754043579,0.02531013824045658,0.017829198390245438,-0.12585151195526123,0.004509526304900646,0.19850072264671326,-0.10984165966510773,-0.0392029695212841,0.1873302459716797,-0.026643449440598488,0.025729084387421608,-0.0015867832116782665,0.03616413101553917,-0.15705172717571259,0.060678694397211075,-0.21726879477500916,-0.09274843335151672,0.030964016914367676,0.0524030439555645,-0.025942398235201836,0.1560557782649994,-0.1927396059036255,0.0876154899597168,0.011586662381887436,-0.011292727664113045,0.09124085307121277,-0.05655108019709587,0.001708280760794878,-0.1267460137605667,0.13462965190410614,-0.3066374361515045,0.19683073461055756,0.1517755538225174,0.1260860413312912,0.18364931643009186,0.029643110930919647,0.05502663180232048,0.038696326315402985,-0.05292389169335365,-0.26004597544670105,-0.02836313284933567,0.09015952050685883,-0.07948217540979385,0.029321495443582535,0.014822808094322681",Criminal
istockphoto-1069975182-612x612,"-0.11792133748531342,0.10567134618759155,0.11228262633085251,0.07450464367866516,-0.10077830404043198,0.01943969912827015,0.019631773233413696,-0.1417190134525299,0.09675942361354828,-0.10750680416822433,0.27336201071739197,-0.06266333907842636,-0.22208605706691742,-0.07088097929954529,-0.014579692855477333,0.14122392237186432,-0.1694236844778061,-0.1531999260187149,0.024427378550171852,0.03629089891910553,0.0715455487370491,0.015265070833265781,-0.004032835364341736,5.715200677514076e-05,-0.1080356240272522,-0.3928462862968445,-0.081172414124012,-0.10992804914712906,0.07416035234928131,-0.11581560969352722,-0.020876344293355942,0.10073276609182358,-0.17282050848007202,0.005259335041046143,-0.0303666889667511,0.037678029388189316,0.01624443009495735,0.0029360130429267883,0.20483483374118805,-0.0073364851996302605,-0.25935235619544983,0.01569211855530739,-0.013537139631807804,0.29607605934143066,0.1217360869050026,0.0225820355117321,0.02924368903040886,-0.09488063305616379,0.0024807124864310026,-0.12439505755901337,0.04110751301050186,0.12595444917678833,0.15625695884227753,0.02589961513876915,-0.04300612956285477,-0.1999054104089737,-0.04386439174413681,-0.03306921571493149,-0.12986589968204498,0.031125370413064957,0.08088270574808121,-0.06630919873714447,0.0017921831458806992,0.0015479139983654022,0.21415722370147705,-0.0340527780354023,-0.09266525506973267,-0.11361300945281982,0.12360478192567825,-0.10758022964000702,-0.04210837557911873,0.09660490602254868,-0.17719076573848724,-0.19035495817661285,-0.30964967608451843,0.05400936305522919,0.4154309630393982,0.04530882090330124,-0.19391579926013947,0.04230561479926109,-0.07396078109741211,0.011092685163021088,0.10552505403757095,0.1817319244146347,-0.020767534151673317,0.037020906805992126,-0.08607511222362518,0.08564933389425278,0.1289735734462738,-0.07449515163898468,-0.07577056437730789,0.18161554634571075,-0.014495953917503357,0.046813271939754486,-0.0006508324295282364,0.04275639355182648,0.029994884505867958,0.04846512898802757,-0.06722866743803024,-0.023594139143824577,0.07413647323846817,-0.007846171036362648,0.004138722084462643,0.1671239286661148,-0.21150806546211243,0.11885911971330643,0.030463499948382378,0.02822555974125862,0.07904133945703506,0.033249858766794205,-0.0951254814863205,-0.062210291624069214,0.12295754253864288,-0.3202850818634033,0.16586464643478394,0.21750684082508087,-0.026970718055963516,0.11450082808732986,0.06786347925662994,0.05862314999103546,0.00622508954256773,-0.02891339175403118,-0.23305685818195343,-0.0052162581123411655,0.12297055125236511,-0.018388353288173676,0.033328812569379807,0.010580519214272499",Criminal
istockphoto-1069992524-612x612,"-0.08637234568595886,0.12489952147006989,0.02169855684041977,-0.07603934407234192,0.006118200719356537,0.01926366239786148,-0.027836596593260765,0.0021014194935560226,0.25646063685417175,-0.025699542835354805,0.2347133308649063,0.04895273223519325,-0.20854514837265015,-0.06554549932479858,-0.047955915331840515,0.08961047232151031,-0.1630101203918457,-0.12159745395183563,-0.07135909795761108,-0.09523314237594604,0.11560963839292526,0.10594285279512405,-0.0151504036039114,0.05449732393026352,-0.15930664539337158,-0.30873459577560425,-0.07860606163740158,-0.16982214152812958,-0.010793901979923248,-0.2648777961730957,0.08100173622369766,0.0069575621746480465,-0.17984126508235931,-0.05065802484750748,0.03379486873745918,0.09590180963277817,0.02241908572614193,-0.014228466898202896,0.10785520076751709,0.044856734573841095,-0.0957019254565239,0.0522964783012867,-0.008051269687712193,0.2972133159637451,0.11631087958812714,0.11711323261260986,-0.01959756575524807,-0.08648096770048141,0.09843795746564865,-0.16894252598285675,0.06490016728639603,0.1257345974445343,0.02874562330543995,0.07103455066680908,0.1004600003361702,-0.17163066565990448,-0.049818284809589386,0.07267467677593231,-0.19877871870994568,0.055153436958789825,0.012861927971243858,-0.026128068566322327,-0.06765875220298767,-0.07621406763792038,0.1859992891550064,0.05204995721578598,-0.16698811948299408,-0.15700381994247437,0.09682009369134903,-0.14187805354595184,-0.04297367110848427,0.11458036303520203,-0.08077717572450638,-0.12092635035514832,-0.18331171572208405,0.09752596169710159,0.4073183834552765,0.03411727771162987,-0.1576349288225174,0.03263767436146736,-0.128658264875412,-0.023045696318149567,-0.06555595248937607,0.006248110439628363,-0.07837377488613129,0.06037996709346771,-0.0693318322300911,0.03063475340604782,0.15057522058486938,0.061441708356142044,-0.020737290382385254,0.18832695484161377,-0.10779545456171036,0.027433963492512703,0.02792908251285553,0.03860125690698624,-0.15042072534561157,0.012414711527526379,-0.04794318974018097,-0.06871862709522247,0.02838214486837387,-0.09745725244283676,-0.05045683681964874,0.07885471731424332,-0.15747301280498505,0.14021268486976624,-0.01012780424207449,-0.021259240806102753,-0.011335711926221848,0.12142034620046616,-0.16189658641815186,-0.053861286491155624,0.19601821899414062,-0.3396911919116974,0.24354563653469086,0.1583632379770279,0.034047432243824005,0.12960931658744812,0.04225807636976242,0.12180543690919876,-0.046357885003089905,0.014193403534591198,-0.16670894622802734,-0.08592572063207626,0.025901420041918755,0.009511739946901798,0.03438785299658775,-0.043840356171131134",Criminal
istockphoto-1069992630-612x612,"-0.05590013414621353,0.051601704210042953,0.05982109531760216,-0.017278723418712616,-0.033553749322891235,-0.03665407374501228,-0.02203221246600151,-0.12098312377929688,0.12287261337041855,-0.05749782174825668,0.08166743069887161,0.03585624322295189,-0.1224236786365509,-0.017165670171380043,-0.07166854292154312,0.06518915295600891,-0.1198686808347702,-0.11993448436260223,-0.10569245368242264,-0.11038282513618469,-0.08055603504180908,0.08568156510591507,0.013482137583196163,-0.010896949097514153,-0.06893392652273178,-0.2845935821533203,-0.1021730825304985,-0.0952974259853363,0.040281616151332855,-0.07212961465120316,0.010892974212765694,-0.005117045249789953,-0.1627282202243805,-0.0641460195183754,0.04719202220439911,0.04651803895831108,-0.037770625203847885,-0.01816016063094139,0.18629658222198486,0.06841134279966354,-0.09558366239070892,0.025281712412834167,0.047125402837991714,0.34345513582229614,0.18867570161819458,0.0750901848077774,-0.024277718737721443,-0.07345406711101532,0.05907350778579712,-0.21587702631950378,0.06695860624313354,0.0931423008441925,0.07818860560655594,0.0331583097577095,0.08637037128210068,-0.12995846569538116,0.05233670771121979,-0.041432470083236694,-0.19519726932048798,0.06570108979940414,0.03380062058568001,-0.051666438579559326,-0.022590870037674904,0.028223782777786255,0.22159820795059204,0.11768448352813721,-0.043929677456617355,-0.13596808910369873,0.11597108095884323,-0.2476130574941635,-0.029284672811627388,-0.027483291923999786,-0.023171039298176765,-0.10215645283460617,-0.26748424768447876,0.006308084353804588,0.4495922327041626,0.1639232188463211,-0.17664089798927307,0.064786896109581,-0.09586227685213089,-0.05776052549481392,0.14008793234825134,0.049978457391262054,-0.14558660984039307,0.05177362263202667,-0.05715883895754814,0.024079740047454834,0.1763082891702652,0.005356014706194401,-0.10656058043241501,0.10823892802000046,-0.009949343279004097,-0.0026991404592990875,0.10203817486763,-0.02233823388814926,-0.11309012770652771,0.023938987404108047,-0.13398484885692596,-0.03577393293380737,0.06595033407211304,-0.05378144606947899,0.09501595050096512,0.14277440309524536,-0.17131391167640686,0.16857339441776276,0.003468130249530077,-0.09687730669975281,0.038103945553302765,0.08428581804037094,-0.1409568339586258,-0.08914809674024582,0.18578709661960602,-0.22616425156593323,0.1860986202955246,0.1630222350358963,-0.044791776686906815,0.14710582792758942,0.06075523421168327,0.08878323435783386,-0.02959277294576168,0.09957827627658844,-0.07708181440830231,-0.07256409525871277,-0.03908143565058708,4.169344902038574e-05,0.11770787835121155,0.06113763153553009",Criminal
istockphoto-1081389092-612x612,"-0.053116120398044586,0.08388467133045197,0.08479516208171844,-0.047664251178503036,-0.1273886263370514,-0.010692747309803963,-0.0048567987978458405,-0.052504170686006546,0.17422354221343994,0.02814168483018875,0.21111050248146057,0.07215026766061783,-0.2406286746263504,0.0349377766251564,-0.003103996627032757,0.09434164315462112,-0.12431137263774872,-0.09665333479642868,-0.1294519454240799,-0.08479727059602737,0.017706526443362236,0.023054273799061775,0.024224253371357918,0.049444280564785004,-0.27366822957992554,-0.2122069150209427,-0.13876184821128845,-0.1460462510585785,0.06870102882385254,-0.15398740768432617,0.04463957995176315,0.011226313188672066,-0.142878457903862,-0.11173219978809357,0.052972666919231415,-0.05245748907327652,-0.021465245634317398,-0.1066761240363121,0.2885921001434326,-0.03570215776562691,-0.16389626264572144,0.10137861222028732,0.05188477039337158,0.30096182227134705,0.1291610151529312,0.040297530591487885,0.10627643018960953,-0.008560316637158394,0.1497252881526947,-0.25259965658187866,0.09716809540987015,0.10953512042760849,0.13622334599494934,0.0043279631063342094,0.07046419382095337,-0.17005158960819244,-0.0038338880985975266,0.19770503044128418,-0.273234099149704,0.21646000444889069,0.11966489255428314,-0.1376006156206131,-0.053410716354846954,-0.11256547272205353,0.1503109633922577,0.04726733639836311,-0.1805097609758377,-0.12001737207174301,0.1517164558172226,-0.1250818818807602,-0.0007936665788292885,0.06715299934148788,-0.16592229902744293,-0.18798471987247467,-0.3618757128715515,0.0932956337928772,0.43630072474479675,0.16517600417137146,-0.21736016869544983,-0.0027861492708325386,-0.05185969918966293,0.03696383535861969,-0.06708287447690964,0.06604376435279846,-0.08452517539262772,-0.06827260553836823,-0.09724091738462448,0.04325922578573227,0.20533472299575806,0.007379625923931599,-0.02583148702979088,0.2083844691514969,0.04052663967013359,-0.02820673957467079,-0.036121029406785965,0.09886423498392105,-0.2013968527317047,-0.12273865193128586,-0.04330947995185852,0.11156907677650452,-0.007028335705399513,-0.057990625500679016,0.0249102134257555,0.17591029405593872,-0.12954680621623993,0.20323367416858673,-0.0693952739238739,-0.07506083697080612,-0.10684812813997269,0.07034336775541306,-0.12512138485908508,-0.06390389800071716,0.19265437126159668,-0.2482442408800125,0.15293285250663757,0.1956849843263626,0.008316189981997013,0.07595961540937424,0.022674784064292908,0.06050700694322586,-0.03130851686000824,0.1322319060564041,-0.17441494762897491,-0.15541067719459534,0.04365577921271324,-0.13556838035583496,0.12103866040706635,0.05439605936408043",Criminal
istockphoto-1081878194-612x612,"-0.10956291854381561,0.12114477902650833,0.0949077308177948,0.019372817128896713,-0.11962562799453735,0.01943332701921463,0.08787553012371063,-0.1662154644727707,0.10322175174951553,-0.04038231819868088,0.1746082603931427,-0.04086228460073471,-0.3872659206390381,0.041750866919755936,-0.017201725393533707,0.1572316288948059,-0.16722668707370758,-0.21818476915359497,-0.1143023818731308,0.029633715748786926,-0.12393750250339508,0.0557590126991272,-0.02253773994743824,0.03086675889790058,-0.11612005531787872,-0.3338027000427246,-0.023326098918914795,-0.05650150403380394,-0.03301277756690979,-0.02396218478679657,0.040929943323135376,0.1433616578578949,-0.11800099909305573,0.015518957749009132,0.11638245731592178,0.04416993260383606,-0.07128924131393433,-0.11805124580860138,0.20094245672225952,-0.04724166542291641,-0.30927371978759766,-0.0692620798945427,0.10462426394224167,0.26020777225494385,0.20416735112667084,-0.02385432831943035,-0.005576020106673241,-0.10364286601543427,0.05937766656279564,-0.42082715034484863,-0.0022216234356164932,0.12147501856088638,-0.009426595643162727,0.07098846882581711,0.05746874213218689,-0.2608013153076172,-0.029012877494096756,0.06775752454996109,-0.1940220296382904,0.011365684680640697,0.10701696574687958,-0.11177882552146912,0.006755777634680271,-0.12081898003816605,0.1590239703655243,0.11664007604122162,-0.15346288681030273,-0.14130599796772003,0.1610243320465088,-0.2653094530105591,-0.03169405460357666,0.16982240974903107,-0.021595777943730354,-0.21044549345970154,-0.23796239495277405,-0.03177380934357643,0.408539354801178,0.20987242460250854,-0.09821773320436478,-0.07151416689157486,-0.07581234723329544,0.027460893616080284,0.039376597851514816,0.03955681622028351,-0.03659792244434357,-0.09349481016397476,-0.1124696135520935,-0.04091494530439377,0.2870698869228363,0.0381796769797802,-0.05729876086115837,0.24095138907432556,-0.027620552107691765,-0.059727881103754044,0.033836521208286285,0.11270209401845932,-0.053238458931446075,-0.02435235306620598,-0.1428253948688507,0.0029899999499320984,-0.021247170865535736,-0.07529060542583466,0.04494898021221161,0.17386820912361145,-0.16820859909057617,0.18151582777500153,-0.054068438708782196,0.03452074155211449,0.06679710745811462,-0.046667393296957016,-0.033731188625097275,0.053015999495983124,0.1937517523765564,-0.3198344111442566,0.20538488030433655,0.11773544549942017,-0.023983042687177658,0.09085535258054733,-0.007713906932622194,0.024332547560334206,-0.0713004469871521,-0.1001272052526474,-0.19563546776771545,-0.14618781208992004,0.050517044961452484,-0.09978501498699188,0.04486161842942238,-0.003649462480098009",Criminal
istockphoto-1125638891-612x612,"-0.015491838566958904,0.15558871626853943,0.13934731483459473,-0.05891111493110657,-0.16525086760520935,0.09075182676315308,0.0353386253118515,-0.11368920654058456,0.14464890956878662,-0.21267393231391907,0.24696704745292664,-0.0663294568657875,-0.35881307721138,0.08932340145111084,-0.05648939684033394,0.17891047894954681,-0.1361701637506485,-0.2305692881345749,-0.08576148003339767,-0.06539230048656464,0.08454196155071259,0.06484280526638031,0.003860662691295147,0.0490918792784214,-0.15890496969223022,-0.3685598075389862,-0.04433855786919594,0.016763458028435707,0.04637477919459343,-0.12898431718349457,-0.0722702294588089,0.03758524730801582,-0.21031878888607025,0.09110833704471588,0.010887565091252327,0.08562754094600677,-0.08398858457803726,-0.11644914746284485,0.17537851631641388,0.06412331759929657,-0.2837245762348175,0.0383509062230587,0.039135709404945374,0.25779247283935547,0.18106116354465485,0.030323578044772148,0.028020821511745453,-0.08054320514202118,0.0785263329744339,-0.3211009204387665,0.02675222046673298,0.16280090808868408,0.07888875156641006,0.06281828880310059,0.03068668395280838,-0.21993160247802734,-0.03309161961078644,0.07372981309890747,-0.15914742648601532,0.027181338518857956,0.1182299330830574,-0.17659986019134521,-0.024299457669258118,-0.1002272367477417,0.20169216394424438,0.052000828087329865,-0.13277803361415863,-0.14812980592250824,0.17911586165428162,-0.21330246329307556,-0.04598793759942055,0.12607496976852417,-0.08360283821821213,-0.15274834632873535,-0.2076084464788437,0.009980160742998123,0.45177003741264343,0.1917894333600998,-0.11512759327888489,0.062251318246126175,-0.05020827800035477,0.10493911057710648,0.06731045991182327,0.1165376752614975,-0.03267625719308853,0.06246356666088104,-0.15801289677619934,0.0831180065870285,0.20660972595214844,-0.06827828288078308,-0.04751824215054512,0.2807157635688782,0.005805616267025471,0.05367577075958252,0.06406787782907486,0.06524559110403061,-0.12177464365959167,-0.04074138030409813,-0.11385153979063034,-0.01494700089097023,-0.0751311182975769,-0.06304965168237686,-0.033770110458135605,0.07661639899015427,-0.17844872176647186,0.1946691870689392,-0.09070772677659988,-0.005590837448835373,-0.023983797058463097,-0.004211871884763241,-0.06673122942447662,-0.010821381583809853,0.09000935405492783,-0.4058206379413605,0.10306846350431442,0.20799997448921204,-0.019720517098903656,0.14449216425418854,0.07492389529943466,0.055874232202768326,0.02112738788127899,-0.08969539403915405,-0.213654562830925,-0.14280326664447784,0.05957265570759773,-0.07057985663414001,0.06855696439743042,0.004529975354671478",Criminal
istockphoto-1157371613-612x612,"-0.12964046001434326,0.15608926117420197,0.01955750770866871,0.026377972215414047,-0.0278999675065279,0.0012186341919004917,-0.07266562432050705,-0.13654327392578125,0.200148344039917,-0.03536783158779144,0.20505543053150177,-0.02521750144660473,-0.15921391546726227,-0.08951720595359802,-0.023395180702209473,0.0798409953713417,-0.1203753724694252,-0.18220768868923187,-0.00612285640090704,-0.05080394819378853,0.05008571222424507,0.0011587581830099225,0.0034730806946754456,0.09840969741344452,-0.16866858303546906,-0.4202814996242523,-0.08577620983123779,-0.187747061252594,0.0038633178919553757,-0.16203580796718597,0.009648785926401615,0.03749605268239975,-0.15994395315647125,-0.041704434901475906,-0.0006912089884281158,0.13134700059890747,-0.04743735492229462,-0.025515960529446602,0.2396681010723114,0.03779425099492073,-0.1380644142627716,0.059681616723537445,-0.03790729492902756,0.32806792855262756,0.17337684333324432,-0.010425574146211147,0.1027878075838089,-0.04070931673049927,0.14942573010921478,-0.18332645297050476,0.14316757023334503,0.13173210620880127,0.16471673548221588,0.06801561266183853,0.13139663636684418,-0.1596880704164505,-0.0925980806350708,0.07740285247564316,-0.19047237932682037,0.17478446662425995,0.08696166425943375,-0.03920610249042511,-0.021731361746788025,-0.04394618794322014,0.14620527625083923,0.11471127718687057,-0.09830442816019058,-0.13780143857002258,0.128764346241951,-0.14021553099155426,-0.0035300287418067455,0.1417069137096405,-0.08762997388839722,-0.25124287605285645,-0.228569895029068,0.14836028218269348,0.41509756445884705,0.1384710818529129,-0.18445910513401031,-0.04393428564071655,-0.06700555980205536,-0.033163826912641525,0.04698402062058449,-0.002701988210901618,-0.02665919065475464,-0.029940929263830185,-0.10679979622364044,0.042259953916072845,0.21233272552490234,0.07205332815647125,-0.1150033101439476,0.18302373588085175,-0.07954169809818268,0.031236059963703156,0.018377244472503662,0.08814449608325958,-0.08880417793989182,0.05588357523083687,-0.06632446497678757,0.022811846807599068,-0.0043410807847976685,-0.09116897732019424,-0.03016325831413269,0.006787123158574104,-0.13744202256202698,0.13247397541999817,-0.01219266653060913,0.02048349566757679,-0.07702039927244186,0.08208423852920532,-0.2492438554763794,0.027257543057203293,0.21727751195430756,-0.35196346044540405,0.24609418213367462,0.12541215121746063,0.02941686101257801,0.17428892850875854,0.0485408715903759,0.03586238995194435,0.0346839502453804,-0.08002381026744843,-0.13077440857887268,-0.0892658606171608,0.030942661687731743,0.06695625185966492,0.03069642186164856,0.0387740433216095",Criminal
istockphoto-1157371638-612x612,"-0.024182677268981934,0.06788930296897888,0.05692758411169052,-0.10894275456666946,-0.10610999166965485,0.01720869168639183,0.008120079524815083,-0.0626353994011879,0.19594891369342804,-0.05242163687944412,0.28967857360839844,-0.016398847103118896,-0.21335521340370178,-0.17191343009471893,0.06336929649114609,0.04589487239718437,-0.10952020436525345,-0.08576836436986923,-0.015617584809660912,-0.1028166338801384,0.07496941834688187,0.008160257712006569,0.06038695201277733,0.031981248408555984,-0.11908961832523346,-0.3130825459957123,-0.14245805144309998,-0.10576631128787994,0.09415899962186813,-0.15202248096466064,0.017765909433364868,0.08573400229215622,-0.15082183480262756,-0.11698217689990997,0.030717601999640465,0.045146748423576355,-0.14266890287399292,-0.08956670761108398,0.22650869190692902,-0.10701951384544373,-0.06358133256435394,0.0758926197886467,0.03382385894656181,0.18570849299430847,0.17745241522789001,0.08579596132040024,0.002789590507745743,-0.0830814465880394,0.13531023263931274,-0.22389185428619385,0.09798626601696014,0.2076762318611145,0.08043704181909561,0.1324254274368286,0.04725389555096626,-0.15693572163581848,0.03829313442111015,0.1263989806175232,-0.2529909610748291,0.08868607133626938,-0.02985534816980362,-0.11466947942972183,-0.03012879751622677,-0.028260763734579086,0.15918394923210144,0.09344780445098877,-0.0918654203414917,-0.17398139834403992,0.14755018055438995,-0.14222070574760437,-0.055429425090551376,0.13487493991851807,-0.18181195855140686,-0.23305033147335052,-0.15577860176563263,0.1454787403345108,0.33493873476982117,0.1637575775384903,-0.18890464305877686,0.034616898745298386,-0.045157771557569504,-0.04255407676100731,0.007677118293941021,0.03447716683149338,-0.05040328949689865,-0.1154482364654541,-0.0859796404838562,0.024986647069454193,0.16836027801036835,-0.07450486719608307,-0.06895489990711212,0.28467780351638794,0.05472903698682785,0.13695581257343292,0.060051385313272476,0.021665634587407112,-0.0284722950309515,0.04570970684289932,-0.15613825619220734,0.02515718713402748,0.07209509611129761,-0.11367427557706833,-0.0387515164911747,0.06072380393743515,-0.15382076799869537,0.24241553246974945,0.009292185306549072,-0.03757400065660477,-0.08390514552593231,-0.07810315489768982,-0.10533899813890457,0.03541141748428345,0.18569031357765198,-0.3195420801639557,0.3307785093784332,0.19507092237472534,0.13357852399349213,0.2202063500881195,0.07050006091594696,0.053307753056287766,0.08071921765804291,-0.11365475505590439,-0.11802584677934647,-0.07166377454996109,0.08302712440490723,-0.004734005779027939,0.028781410306692123,0.03793952241539955",Criminal
istockphoto-1170151173-612x612,"-0.1267257183790207,0.12590108811855316,0.0821453109383583,-0.021179212257266045,-0.04097352549433708,0.06672520935535431,-0.029107658192515373,0.021488692611455917,0.17475123703479767,-0.14329807460308075,0.18114283680915833,0.04093465954065323,-0.28425881266593933,-0.022836072370409966,-0.028212562203407288,0.2075061798095703,-0.16937731206417084,-0.0800718292593956,-0.13731394708156586,-0.13727392256259918,0.07470159232616425,0.16150277853012085,-0.03593389689922333,-0.011314893141388893,-0.12097207456827164,-0.3003612458705902,-0.06628318876028061,-0.0704481303691864,0.07790106534957886,-0.12145476788282394,0.0027744490653276443,-0.010687838308513165,-0.1116970106959343,-0.0677017867565155,-0.00964106060564518,0.0300819780677557,-0.08934390544891357,-0.12126059085130692,0.16793794929981232,0.0778583288192749,-0.1627691239118576,-0.024505581706762314,0.041080839931964874,0.33761903643608093,0.23642465472221375,-0.03885887190699577,0.015887703746557236,0.007256545126438141,0.0865844339132309,-0.3353579342365265,0.03418884426355362,0.11421303451061249,0.08672245591878891,0.19131073355674744,0.0999082550406456,-0.16266639530658722,-0.012870293110609055,0.18468862771987915,-0.15976956486701965,0.05853965878486633,0.04242536053061485,-0.0954972580075264,0.03209709748625755,-0.014951026067137718,0.10821546614170074,0.05658967047929764,-0.12814748287200928,-0.15862326323986053,0.0980963259935379,-0.18552681803703308,-0.03163957595825195,0.08133116364479065,-0.11642758548259735,-0.1492590606212616,-0.3494814932346344,0.04550507664680481,0.29457417130470276,0.20870988070964813,-0.07637199759483337,-0.02881426177918911,-0.03258061408996582,0.02076835185289383,0.07090260088443756,0.06117541342973709,-0.03956012800335884,-0.04930330067873001,-0.027329832315444946,0.035240717232227325,0.15031681954860687,0.031028224155306816,-0.10721180588006973,0.2308029979467392,0.010549799539148808,-0.06993550062179565,0.03574991598725319,0.11292900145053864,-0.09123130142688751,-0.09928383678197861,-0.0809842124581337,-0.007656040135771036,-0.010116632096469402,-0.1319010704755783,0.012652641162276268,0.1184617355465889,-0.1460302770137787,0.2115265280008316,-0.029704071581363678,0.05450525879859924,-0.026862068101763725,0.012139568105340004,-0.15655604004859924,0.06479830294847488,0.20281419157981873,-0.17655350267887115,0.15349555015563965,0.24822667241096497,-0.01577984169125557,0.13110151886940002,0.10716218501329422,0.04626365005970001,-0.08706031739711761,-0.03908054530620575,-0.1401604861021042,-0.11223149299621582,-0.0008705942891538143,0.010178221389651299,0.06254146993160248,0.02069341391324997",Criminal
istockphoto-139551051-612x612,"-0.01712779700756073,0.055901896208524704,0.12696117162704468,-0.04324735701084137,-0.08516707271337509,0.012403659522533417,0.1007094532251358,-0.005700067616999149,0.14050118625164032,-0.09082939475774765,0.19000698626041412,-0.05327780917286873,-0.25165456533432007,0.045033834874629974,0.03559443727135658,0.12391339242458344,-0.16590093076229095,-0.20136778056621552,-0.17106859385967255,-0.013045191764831543,0.05091801658272743,0.0712517574429512,-0.08533062785863876,0.0611184760928154,-0.21142835915088654,-0.26992470026016235,-0.03474006801843643,-0.03604171425104141,0.062218502163887024,-0.07554225623607635,0.041793838143348694,0.07931007444858551,-0.11419149488210678,0.06666383892297745,0.06070069968700409,0.041446752846241,-0.008274782449007034,-0.11295540630817413,0.2740418314933777,0.027852021157741547,-0.30429014563560486,0.08408035337924957,0.08089382946491241,0.23725683987140656,0.239960715174675,0.013536647893488407,-0.012974489480257034,-0.086890809237957,0.17672446370124817,-0.3345128893852234,0.0067996494472026825,0.17898406088352203,0.03499460220336914,0.13683544099330902,0.08291056752204895,-0.18921668827533722,-0.03324907645583153,0.06357255578041077,-0.23536798357963562,-0.01043960452079773,-0.05215822160243988,-0.1270865648984909,0.009953020140528679,-0.12329283356666565,0.16648510098457336,0.02407514862716198,-0.16110044717788696,-0.1816866546869278,0.1686621457338333,-0.2409977912902832,-0.113179512321949,0.1690087467432022,-0.07827389240264893,-0.07598398625850677,-0.2876285910606384,0.021210726350545883,0.4307456314563751,0.09085002541542053,-0.20520351827144623,0.10770934820175171,-0.06600187718868256,-0.057896584272384644,0.027001837268471718,0.13896407186985016,-0.0008306019008159637,-0.01390518806874752,-0.06630361080169678,-0.008350664749741554,0.2619091272354126,-0.03477399796247482,-0.016239820048213005,0.2308349907398224,0.05063577741384506,0.00787445530295372,0.04703778773546219,0.06459654867649078,-0.09246823191642761,-0.0566989965736866,-0.10279520601034164,-0.030389122664928436,0.021123148500919342,0.006317875348031521,0.0037965266965329647,0.10570672154426575,-0.20190057158470154,0.24388562142848969,-0.012254754081368446,-0.032699618488550186,0.0019903043285012245,0.013685311190783978,-0.05893251672387123,0.016544727608561516,0.1398172825574875,-0.3832728862762451,0.1648687869310379,0.11012821644544601,-0.033687204122543335,0.0800013393163681,0.028767671436071396,0.056675367057323456,-0.03592913597822189,0.02268119901418686,-0.15188482403755188,-0.11871033161878586,0.06844714283943176,-0.02439490333199501,0.06469329446554184,0.021935421973466873",Criminal
istockphoto-1411046922-612x612,"-0.15013371407985687,0.07580254971981049,0.0561649352312088,-0.03850243613123894,-0.12167079746723175,-0.015902573242783546,-0.05570133775472641,-0.1677764356136322,0.09327902644872665,-0.05076124519109726,0.21965080499649048,-0.04830954596400261,-0.23437345027923584,0.06239217519760132,-0.0688847005367279,0.12611424922943115,-0.12224866449832916,-0.09077445417642593,-0.13567347824573517,-0.02329114079475403,-0.07286757975816727,0.04768168553709984,-0.025966202840209007,0.06720966845750809,-0.13602204620838165,-0.3211970329284668,-0.09191110730171204,-0.07969062030315399,-0.011942129582166672,0.03576701134443283,-0.04283508285880089,-0.06282909959554672,-0.16306011378765106,-0.032991357147693634,0.03773985803127289,0.012865936383605003,-0.04138249158859253,-0.05895119905471802,0.1568998098373413,0.007323261350393295,-0.18429607152938843,0.0033292188309133053,0.12612983584403992,0.25697237253189087,0.17761386930942535,0.101405069231987,0.07236354053020477,-0.0930933877825737,0.07851041108369827,-0.22712191939353943,0.062008075416088104,0.0715922862291336,0.09610948711633682,0.07979756593704224,0.024726584553718567,-0.19811668992042542,0.0020481497049331665,0.2334904968738556,-0.1925256848335266,0.12865540385246277,0.02893657609820366,0.0034201256930828094,0.0010634157806634903,-0.025052353739738464,0.331139475107193,0.1520589143037796,-0.1433371603488922,-0.09000526368618011,0.17035000026226044,-0.1664811670780182,-0.07189393043518066,0.002016207203269005,-0.10997324436903,-0.2442026436328888,-0.2976933717727661,0.06185228005051613,0.4551489055156708,0.1880059689283371,-0.18344435095787048,0.0061509255319833755,-0.0710856020450592,-0.015427930280566216,0.08341044187545776,0.04172125086188316,-0.08456644415855408,-0.03839661926031113,-0.06551419943571091,-0.02653961442410946,0.3135581314563751,0.021406490355730057,-0.009384645149111748,0.23961113393306732,0.010558217763900757,-0.06561204791069031,0.01262829452753067,0.06768888235092163,-0.12613824009895325,-0.023375073447823524,-0.09976761043071747,-0.05316253751516342,0.044802818447351456,-0.03613991290330887,0.08178622275590897,0.10437923669815063,-0.2609151601791382,0.1994381546974182,0.004332962911576033,-0.023884300142526627,0.02485601045191288,0.038752127438783646,-0.03416137397289276,-0.02416514791548252,0.2046118527650833,-0.24513182044029236,0.2348795235157013,0.15855243802070618,0.09907623380422592,0.18399927020072937,0.04362776130437851,0.015217912383377552,0.01271036360412836,0.05269427224993706,-0.12724898755550385,-0.0996495708823204,0.06668759137392044,-0.10504813492298126,0.16702300310134888,0.10663546621799469",Criminal
istockphoto-1436122359-612x612,"-0.111752450466156,0.12716007232666016,-0.017316672950983047,-0.06384571641683578,-0.09339890629053116,-0.020962486043572426,0.009022640064358711,-0.12538808584213257,0.20870214700698853,-0.10755378007888794,0.22799687087535858,-0.04093873128294945,-0.2817939221858978,-0.1055712029337883,-0.008332138881087303,0.10993801802396774,-0.12045072019100189,-0.06337475776672363,-0.10191794484853745,-0.12249103933572769,0.0859723836183548,-0.009228341281414032,0.08162975311279297,0.11858102679252625,-0.2527150809764862,-0.27389249205589294,-0.11125931888818741,-0.11108806729316711,0.04650036245584488,-0.11918625235557556,-0.003055054694414139,0.07608383148908615,-0.12206771969795227,-0.09517313539981842,-0.020572107285261154,0.038869310170412064,-0.048641838133335114,-0.06326133757829666,0.16438020765781403,-0.0923541709780693,-0.09496990591287613,0.08437357097864151,0.06852735579013824,0.2617516815662384,0.1571587473154068,0.04111111909151077,0.1234244853258133,-0.06345126032829285,0.1115422323346138,-0.2345082014799118,0.038104478269815445,0.07747271656990051,0.0813409686088562,-0.003788793459534645,0.16898758709430695,-0.19475647807121277,-0.017049221321940422,0.1857825666666031,-0.1857149749994278,0.15601347386837006,0.05488846078515053,0.00481756217777729,-0.01941481977701187,-0.01690676622092724,0.20441299676895142,0.09503110498189926,-0.14616619050502777,-0.09478973597288132,0.15947894752025604,-0.1385934203863144,0.01664421334862709,0.10476142168045044,-0.11632892489433289,-0.22339189052581787,-0.22777757048606873,0.08442176133394241,0.43856656551361084,0.22457993030548096,-0.11418992280960083,0.06349780410528183,-0.0986296534538269,0.012142904102802277,0.008656011894345284,-0.04753182455897331,-0.16238188743591309,-0.07133084535598755,-0.1558803915977478,0.09999247640371323,0.1798793524503708,0.03380541130900383,-0.04610048979520798,0.2794524133205414,0.062142375856637955,-0.0229403767734766,0.0031455159187316895,0.015046140179038048,-0.23512175679206848,-0.011224320158362389,-0.08436301350593567,-0.005716039799153805,0.11386439204216003,-0.14374838769435883,0.04087614640593529,0.07692456245422363,-0.15963688492774963,0.18565919995307922,-0.05849951505661011,0.004588291049003601,-0.06545419245958328,0.093638576567173,-0.19532866775989532,0.08472847938537598,0.15102702379226685,-0.28980502486228943,0.17235031723976135,0.1287848800420761,0.08665848523378372,0.14975574612617493,0.1251324713230133,0.026351921260356903,0.052513860166072845,0.022743860259652138,-0.08007417619228363,-0.11466111242771149,0.09759391099214554,-0.10778187215328217,0.17748428881168365,0.05562559515237808",Criminal
istockphoto-1445583249-612x612,"-0.07824297249317169,-0.004769148305058479,0.004675986710935831,0.008473647758364677,-0.07251269370317459,-0.06041941046714783,0.007694385014474392,-0.0937761515378952,0.1201368048787117,-0.09998741745948792,0.1174512729048729,-0.07962135225534439,-0.27437952160835266,-0.04294607788324356,0.037271782755851746,0.10551293939352036,-0.11350799351930618,-0.20152798295021057,-0.14346355199813843,-0.0960473045706749,-0.0469304583966732,0.03252392262220383,0.015285220928490162,0.011912728659808636,-0.1572331041097641,-0.36388546228408813,-0.06537661701440811,-0.09924224019050598,0.062363460659980774,-0.08121419697999954,0.08669862896203995,0.06180348992347717,-0.2154759168624878,-0.010059043765068054,0.005760997533798218,0.0939764678478241,-0.034218259155750275,-0.02254977822303772,0.2615385949611664,0.053370773792266846,-0.22144655883312225,0.07288388162851334,0.006893256679177284,0.27435019612312317,0.10778934508562088,0.029850149527192116,0.06619125604629517,-0.08328668773174286,0.06245066970586777,-0.2736470103263855,0.013503849506378174,0.1506456434726715,0.12134118378162384,0.0018886309117078781,0.06162366271018982,-0.09937628358602524,0.07074426114559174,0.12267564982175827,-0.2557939291000366,0.14631083607673645,0.16963553428649902,-0.09154798835515976,-0.08568651229143143,-0.0037728240713477135,0.2026616930961609,0.023663919419050217,-0.0943896472454071,-0.08295971155166626,0.20534327626228333,-0.20761118829250336,-0.06300827860832214,0.11355855315923691,0.013824526220560074,-0.18054081499576569,-0.30717575550079346,0.01508820429444313,0.41864800453186035,0.15969444811344147,-0.19590432941913605,0.04063364490866661,-0.07515101879835129,0.03485501557588577,0.08222614973783493,0.008468875661492348,-0.1494264155626297,-0.026358861476182938,-0.1557929962873459,0.035475701093673706,0.2288113534450531,0.08650758862495422,-0.011626324616372585,0.1639988273382187,0.0931653082370758,0.013151964172720909,0.0485466793179512,0.03943261131644249,-0.1011473760008812,-0.12317315489053726,-0.1149168461561203,-0.04183289781212807,0.08623436093330383,-0.09781281650066376,0.00940781831741333,0.084922656416893,-0.19238510727882385,0.28530290722846985,-0.043138545006513596,-0.10807769745588303,0.002262735739350319,0.08224999159574509,-0.02617500349879265,0.056547150015830994,0.15854813158512115,-0.2968278229236603,0.1448322981595993,0.19798709452152252,0.024317646399140358,0.11753256618976593,0.04643753916025162,0.046485960483551025,-0.1177767962217331,-0.009360266849398613,-0.2520916163921356,-0.19080540537834167,-0.019868426024913788,-0.03932436928153038,0.11243430525064468,0.07852804660797119",Criminal
istockphoto-154188374-612x612,"-0.06146993488073349,0.017066065222024918,0.0007130391895771027,0.010245371609926224,-0.04546928405761719,-0.05844850465655327,-0.017141524702310562,-0.0881999060511589,0.10413437336683273,-0.13912563025951385,0.1438930332660675,0.016698082908988,-0.29236382246017456,-0.003251036861911416,0.07897184789180756,0.010744710452854633,-0.09202712774276733,-0.12823587656021118,-0.12162351608276367,-0.1298741102218628,-0.017358796671032906,0.0570843368768692,0.014315023086965084,-0.002082615625113249,-0.12404865026473999,-0.1869315654039383,-0.08304848521947861,-0.11092925071716309,0.042613252997398376,-0.08799466490745544,-0.048897482454776764,0.010907050222158432,-0.08668491989374161,-0.040688417851924896,0.028555018827319145,0.1002940833568573,-0.06339308619499207,-0.12907399237155914,0.18124862015247345,0.022245842963457108,-0.10012256354093552,-0.08694706857204437,-0.04428804665803909,0.2838781476020813,0.1893865466117859,-0.04607905074954033,0.05319519340991974,-0.06759379804134369,0.12814919650554657,-0.2798779606819153,0.118991918861866,0.054848868399858475,0.12428758293390274,0.08889348804950714,0.0928746908903122,-0.24085578322410583,0.0024428125470876694,0.15931323170661926,-0.14247596263885498,0.15576207637786865,0.052652519196271896,-0.14824649691581726,-0.03052258864045143,-0.04870446026325226,0.19629085063934326,0.10853541642427444,-0.10921712964773178,-0.13871052861213684,0.14422708749771118,-0.18914969265460968,-0.08945336937904358,0.11828391253948212,-0.09076356887817383,-0.18001307547092438,-0.23456639051437378,0.052463874220848083,0.3673684000968933,0.15268827974796295,-0.1276451200246811,-0.0035239746794104576,-0.050574611872434616,-0.03543975204229355,0.08854298293590546,0.09479951113462448,-0.051269493997097015,-0.028772516176104546,-0.11727270483970642,0.03450087830424309,0.257559210062027,-0.04143598675727844,-0.12991958856582642,0.1414673924446106,-0.035286229103803635,0.009705182164907455,0.08139795064926147,0.028168581426143646,-0.061833932995796204,-0.02550491690635681,-0.06548399478197098,-0.0018292032182216644,0.07293568551540375,-0.22740718722343445,-0.030710596591234207,0.06857990473508835,-0.11796955019235611,0.14337608218193054,-0.01962394267320633,-0.015112780034542084,0.002513118088245392,-0.09884621948003769,-0.11329938471317291,0.04116674140095711,0.20423460006713867,-0.30662328004837036,0.18763208389282227,0.1814042180776596,0.09418213367462158,0.19481268525123596,-0.013362523168325424,0.058672040700912476,0.025005146861076355,-0.01298670843243599,-0.18536241352558136,-0.0791516974568367,-0.014982113614678383,0.08515650033950806,0.02817932516336441,0.06688658893108368",Criminal
istockphoto-160609041-612x612,"0.009867668151855469,0.06879186630249023,-0.0018956679850816727,-0.02272404357790947,-0.09340491145849228,-0.02869456447660923,-0.036839015781879425,-0.03139011189341545,0.1990155428647995,-0.031066210940480232,0.1356455236673355,0.024595050141215324,-0.2676267623901367,-0.15168631076812744,0.03797387704253197,0.09182064980268478,-0.057408157736063004,-0.09193725883960724,-0.05826656147837639,-0.10387308150529861,0.07317924499511719,0.05828215926885605,0.07802764326334,0.020421456545591354,-0.14371110498905182,-0.3116275370121002,-0.1161842793226242,-0.12972649931907654,-0.028110399842262268,-0.09723620116710663,-0.012845130637288094,0.0981999933719635,-0.10061714798212051,-0.04751407355070114,0.04195214435458183,0.15005271136760712,-0.09523355960845947,-0.07911939173936844,0.1883316934108734,-0.07671967148780823,-0.07869474589824677,-0.02327413111925125,0.01522256899625063,0.2751823365688324,0.16666308045387268,-0.08149757236242294,0.06460068374872208,0.009076631627976894,0.16134880483150482,-0.22479882836341858,0.032038841396570206,0.17155595123767853,0.10148216784000397,0.09096689522266388,0.15763278305530548,-0.09951163828372955,0.08367832005023956,0.20187857747077942,-0.2654469907283783,-0.006627033464610577,0.035314060747623444,-0.08281023800373077,-0.12194027751684189,-0.07249712198972702,0.22242425382137299,0.10742148011922836,-0.15667161345481873,-0.12779992818832397,0.11843713372945786,-0.1305728703737259,0.01979098841547966,0.08028468489646912,-0.21223704516887665,-0.17064420878887177,-0.251063734292984,0.07314082980155945,0.39666566252708435,0.11480826884508133,-0.13151222467422485,0.06880150735378265,-0.06121542304754257,0.03110692836344242,0.004089752212166786,-0.05029986798763275,-0.09163333475589752,0.008116243407130241,-0.15747253596782684,0.13829872012138367,0.09858310967683792,-0.07360435277223587,-0.01549624279141426,0.13937048614025116,0.03201915696263313,0.07592479884624481,0.029912348836660385,0.022307265549898148,-0.0388038195669651,0.0025771614164114,-0.11388503760099411,0.1329442709684372,0.07081373035907745,-0.2165687382221222,-0.0010347424540668726,0.02067776769399643,-0.11223120242357254,0.14484485983848572,0.05223703756928444,0.0028110556304454803,-0.06328130513429642,-0.05019739270210266,-0.20152749121189117,0.03975723683834076,0.18543033301830292,-0.3438887596130371,0.21810698509216309,0.0904412791132927,0.0005664562340825796,0.15970873832702637,-0.0357292965054512,0.09204299747943878,-0.08538161963224411,-0.10793108493089676,-0.15442906320095062,-0.06484626978635788,0.031377121806144714,0.028757648542523384,0.0106532396748662,0.039979055523872375",Criminal
istockphoto-162353288-612x612,"-0.14059588313102722,0.026346586644649506,0.01158151961863041,-0.01658777892589569,-0.06971260160207748,-0.04685785993933678,0.026498887687921524,-0.06968048214912415,0.0905991941690445,-0.05452235788106918,0.11545559763908386,0.054823294281959534,-0.24904438853263855,-0.03506717085838318,-0.0023386627435684204,0.09075189381837845,-0.1726273000240326,-0.06747855246067047,-0.14465844631195068,-0.1549580842256546,0.04821725934743881,0.07965286821126938,-0.009682845324277878,0.05448891222476959,-0.10086444020271301,-0.29946696758270264,-0.05720484256744385,-0.15470997989177704,-0.060887910425662994,-0.07823053747415543,0.04746159538626671,0.025180084630846977,-0.1281808465719223,-0.04017513245344162,-0.013991969637572765,0.07900198549032211,-0.0016892694402486086,-0.029137887060642242,0.18164941668510437,-0.0023615658283233643,-0.10712729394435883,0.014003869146108627,0.08713846653699875,0.3428889214992523,0.16602078080177307,-0.0001754069235175848,0.04648561030626297,0.001399107277393341,0.17197860777378082,-0.26653754711151123,0.06363677233457565,0.043385326862335205,0.09240543097257614,0.11041949689388275,0.08193560689687729,-0.15504588186740875,0.07017573714256287,0.1224447637796402,-0.2390460968017578,0.14406529068946838,0.06726855039596558,-0.17362993955612183,-0.018531976267695427,0.027185983955860138,0.26976296305656433,0.10302237421274185,-0.1301228553056717,-0.09157607704401016,0.06878934800624847,-0.2174188643693924,-0.05149342492222786,0.04091421514749527,-0.10646965354681015,-0.1631305068731308,-0.3141830563545227,0.09036751836538315,0.41989216208457947,0.16446930170059204,-0.17347894608974457,-4.4879503548145294e-05,-0.10116717964410782,0.005685986950993538,0.2122352123260498,0.09480147808790207,-0.025534089654684067,0.011455416679382324,-0.12442073225975037,0.08741287887096405,0.21674299240112305,0.020865239202976227,-0.10461331158876419,0.2509918212890625,0.06734777987003326,-0.005674960091710091,0.05858858674764633,0.06176602467894554,-0.07206808775663376,-0.04120086878538132,-0.08941017091274261,0.07301461696624756,0.04341459274291992,-0.12123896181583405,0.031054027378559113,0.0013396283611655235,-0.1221238374710083,0.1372651308774948,-0.012740110047161579,0.02349025383591652,-0.05908002704381943,-0.04274734482169151,-0.15270331501960754,0.0032045720145106316,0.15658050775527954,-0.29016974568367004,0.21148841083049774,0.17487391829490662,-0.0035655503161251545,0.1921836882829666,-0.024559061974287033,0.03959851711988449,-0.0437551885843277,-0.045166172087192535,-0.1300610452890396,-0.030040865764021873,0.08709573745727539,0.04434548690915108,0.11915984749794006,0.05338558182120323",Criminal
istockphoto-167762690-612x612,"-0.12681935727596283,0.06608231365680695,0.046580515801906586,-0.04429598152637482,-0.1506536900997162,-0.15369682013988495,-0.0108503308147192,-0.10539790242910385,0.14226004481315613,-0.0590183287858963,0.13873790204524994,-0.030035551637411118,-0.25445035099983215,0.045786067843437195,-0.06804005056619644,0.15049824118614197,-0.178903728723526,-0.07376601547002792,-0.01537925936281681,-0.006682552397251129,0.12542162835597992,0.10178569704294205,0.05658537894487381,0.03646988794207573,-0.08318027853965759,-0.2845592498779297,-0.13268804550170898,-0.06717602908611298,0.027552517130970955,0.002194585744291544,-0.011976972222328186,0.1076832115650177,-0.1398174911737442,-0.06334365159273148,0.15115630626678467,0.10869566351175308,0.008724396117031574,-0.06510235369205475,0.17329199612140656,-0.04230167716741562,-0.27312612533569336,-0.1295807808637619,0.14547407627105713,0.2433098405599594,0.13789330422878265,0.04396628215909004,-0.020528383553028107,-0.09264092147350311,0.10490719974040985,-0.26092129945755005,-0.03167152404785156,0.1106685996055603,0.030835915356874466,0.023157037794589996,0.0673200860619545,-0.15743805468082428,0.1085691750049591,0.14486849308013916,-0.2735258638858795,-0.028254631906747818,0.11510574072599411,-0.17660777270793915,-0.0044508446007966995,-0.0009768197778612375,0.22027404606342316,0.05793927609920502,-0.12369196116924286,-0.10461826622486115,0.17133145034313202,-0.22163115441799164,0.022045303136110306,0.12523475289344788,-0.07184593379497528,-0.1963106095790863,-0.2294498085975647,-0.08682551234960556,0.437571257352829,0.11686941236257553,-0.09437456727027893,0.04811635613441467,-0.06619681417942047,-0.0032815285958349705,0.140171617269516,0.07338722050189972,-0.028185036033391953,0.038770709186792374,-0.18850751221179962,-0.000234188511967659,0.24438020586967468,-0.12369877099990845,0.06545861810445786,0.22822526097297668,0.042812757194042206,0.008800582028925419,0.048400282859802246,0.09155584871768951,-0.12543326616287231,-0.056228894740343094,-0.16950349509716034,-0.01057329773902893,0.006022722460329533,-0.09634115546941757,-0.0202619731426239,0.13085895776748657,-0.17132139205932617,0.024221211671829224,-0.006146156694740057,-0.10513865947723389,-0.07560231536626816,-0.11948718875646591,-0.05254397168755531,-0.10666870325803757,0.09590407460927963,-0.2152852714061737,0.13482770323753357,0.15021838247776031,-0.07416187971830368,0.1792980134487152,-0.031141236424446106,0.06132683902978897,-0.03458672761917114,-0.15004871785640717,-0.10156720131635666,-0.09073812514543533,0.08847952634096146,-0.037713292986154556,0.03255896270275116,-0.08325473964214325",Criminal
istockphoto-170117102-612x612,"-0.12043271958827972,0.09686380624771118,0.07197755575180054,0.00963482353836298,0.000677900156006217,0.010416066274046898,0.008434373885393143,-0.017561394721269608,0.1419467180967331,-0.08463837206363678,0.1924436241388321,0.01751694083213806,-0.2361866533756256,-0.011044229380786419,-0.08893822878599167,0.09947410225868225,-0.18923628330230713,-0.10419037938117981,-0.09847073256969452,-0.1227642297744751,0.21326251327991486,0.10293082147836685,-0.0422566793859005,-0.0008179433643817902,-0.13473814725875854,-0.2298305481672287,-0.009749159216880798,-0.10928382724523544,0.06224336847662926,-0.11748944967985153,-0.008594687096774578,0.005917027126997709,-0.14430247247219086,-0.012193003669381142,-0.004158776253461838,0.05995482951402664,0.015207779593765736,0.008316818624734879,0.16012075543403625,0.1063045933842659,-0.14181596040725708,0.0743853747844696,-0.023377718403935432,0.3663094639778137,0.2071884423494339,0.10077828913927078,-0.07255760580301285,-0.07490132004022598,0.10398198664188385,-0.32875847816467285,0.031225431710481644,0.21151259541511536,0.07605911791324615,0.10749433189630508,0.07451475411653519,-0.18473851680755615,0.0017154952511191368,0.009737012907862663,-0.15033207833766937,0.14203804731369019,0.037658169865608215,-0.1417393982410431,0.03735968470573425,-0.0647585317492485,0.10104486346244812,0.023507995530962944,-0.09929106384515762,-0.06880837678909302,0.14868898689746857,-0.14009203016757965,-0.08699798583984375,0.047774944454431534,-0.1010277047753334,-0.1699371039867401,-0.19216878712177277,0.02718966454267502,0.4726237654685974,0.1819709986448288,-0.19912518560886383,0.031900886446237564,-0.12017417699098587,-0.00441273208707571,0.1569611132144928,0.06395178288221359,-0.01033224817365408,-0.028195329010486603,-0.10310973972082138,0.04761257767677307,0.17470289766788483,-0.05065982788801193,-0.05584154278039932,0.24871210753917694,-0.0016652736812829971,0.015276620164513588,0.04010120779275894,0.030217738822102547,-0.10544930398464203,0.029722746461629868,-0.12383117526769638,-0.076909139752388,0.005459354259073734,-0.14581581950187683,0.027002841234207153,0.06518135964870453,-0.15632538497447968,0.14967626333236694,0.029028847813606262,0.01669018343091011,-0.0002803974784910679,0.05285269021987915,-0.13038870692253113,0.034026507288217545,0.16215243935585022,-0.20525118708610535,0.26982179284095764,0.2575813829898834,0.030231477692723274,0.14373551309108734,0.07973199337720871,0.09040623903274536,0.0007811654359102249,-0.025200366973876953,-0.14705991744995117,-0.11349328607320786,-0.025325922295451164,0.056949861347675323,0.0144013911485672,0.02505575865507126",Criminal
istockphoto-170117103-612x612,"-0.08699371665716171,0.12621362507343292,0.07946088165044785,-0.042682260274887085,-0.1359190046787262,-0.020877467468380928,-0.02341597154736519,-0.07797715067863464,0.15866504609584808,-0.051846668124198914,0.18180517852306366,-0.01986859366297722,-0.19276918470859528,0.11476195603609085,-0.1466631442308426,0.11137676984071732,-0.07335858047008514,-0.0863928273320198,-0.16507349908351898,-0.1575983613729477,-0.008140400052070618,0.11168025434017181,0.000624576467089355,0.03531677648425102,-0.09620173275470734,-0.19749094545841217,-0.07646634429693222,-0.11206578463315964,0.015020856633782387,-0.12736640870571136,0.06644104421138763,-0.051064491271972656,-0.17186115682125092,-0.09317602217197418,0.015333323739469051,-0.03879685699939728,-0.03850268945097923,-0.054548464715480804,0.179158553481102,0.004411368630826473,-0.1385909765958786,0.02999802865087986,0.11335954070091248,0.3621216416358948,0.10205673426389694,0.04227306693792343,-0.01708150841295719,-0.044246334582567215,0.08425562083721161,-0.2502420246601105,0.08280583471059799,0.06626705080270767,0.07391538470983505,0.051693063229322433,0.07768957316875458,-0.11370846629142761,0.048890937119722366,0.17284627258777618,-0.18713480234146118,0.12528933584690094,0.1647363007068634,-0.009482817724347115,-0.05630071461200714,-0.04046151041984558,0.23945972323417664,0.14245906472206116,-0.10324838012456894,-0.13103049993515015,0.057745449244976044,-0.18183843791484833,-0.022145992144942284,0.05470305308699608,-0.08815435320138931,-0.10854330658912659,-0.2773086428642273,0.07537229359149933,0.4892285168170929,0.11961532384157181,-0.09783166646957397,-0.0171743705868721,-0.06157901883125305,0.07057483494281769,0.0902191549539566,-0.02859918400645256,-0.14987538754940033,-0.017129413783550262,-0.05749233439564705,0.051580071449279785,0.18688219785690308,0.00646685715764761,-0.08314482122659683,0.16530956327915192,0.009109030477702618,-0.10252687335014343,0.021555738523602486,0.060314394533634186,-0.1358320564031601,-0.044879112392663956,-0.0964544266462326,0.06630329042673111,0.0028009433299303055,-0.05993460863828659,0.028291016817092896,0.09527550637722015,-0.17488785088062286,0.10164137929677963,-0.030683742836117744,-0.05133331939578056,-0.018554039299488068,0.10820434242486954,-0.14277692139148712,-0.080511175096035,0.18882913887500763,-0.20850245654582977,0.15495125949382782,0.1282549947500229,0.004168405197560787,0.09120096266269684,0.05742598697543144,0.05981418490409851,-0.019241027534008026,0.09719790518283844,-0.08118803054094315,-0.09744683653116226,0.04441014304757118,-0.059148333966732025,0.09536571055650711,0.031091876327991486",Criminal
istockphoto-171575275-612x612,"-0.07914356142282486,-0.0436403825879097,0.00865975022315979,-0.08725498616695404,-0.14191760122776031,-0.055020008236169815,0.008353416807949543,-0.07828789204359055,0.24181511998176575,-0.1688290387392044,0.13482443988323212,0.006172868423163891,-0.2743898630142212,0.03676898777484894,-0.034725114703178406,0.12467237561941147,-0.1118098720908165,-0.1066056340932846,-0.12331684678792953,-0.04813994839787483,0.018081998452544212,0.01638415828347206,0.06837664544582367,0.03909267112612724,-0.08462592959403992,-0.29048216342926025,-0.06472020596265793,-0.16704857349395752,0.018472235649824142,-0.042552005499601364,-0.04319171980023384,0.05442546680569649,-0.13626472651958466,-0.08448918163776398,0.06867042928934097,0.03803190961480141,-0.10201995074748993,-0.03307277709245682,0.21203628182411194,-0.051202915608882904,-0.2462107241153717,-0.08457514643669128,0.016736915335059166,0.11804742366075516,0.20989179611206055,0.031248105689883232,-0.02382364682853222,-0.11808629333972931,0.13351178169250488,-0.2964962124824524,-0.08108410984277725,0.11135673522949219,0.0401291698217392,0.02986465021967888,0.12456788122653961,-0.1297042965888977,0.09359420090913773,0.18835407495498657,-0.26352459192276,0.041821617633104324,0.03873148933053017,-0.10296089947223663,-0.057099100202322006,0.025277836248278618,0.20607133209705353,0.05477846786379814,-0.14012837409973145,-0.13160443305969238,0.20928877592086792,-0.20600980520248413,0.026845496147871017,0.18503418564796448,-0.0820683091878891,-0.24319158494472504,-0.15246735513210297,-0.10461590439081192,0.4594840705394745,0.15494228899478912,-0.06274767965078354,0.01122831180691719,-0.15505078434944153,-0.02890097163617611,0.07409437745809555,-0.047983523458242416,-0.04448302462697029,-0.10140035301446915,-0.08612772077322006,-0.033667679876089096,0.17430731654167175,-0.038707006722688675,0.01734280213713646,0.199764683842659,-0.01087174378335476,0.051208578050136566,-0.008190004155039787,0.07764095813035965,-0.13133856654167175,-0.010893851518630981,-0.1356978714466095,-0.04718289151787758,0.018750470131635666,-0.09841935336589813,0.04245920851826668,0.075591079890728,-0.16174806654453278,0.0883835107088089,-0.07269896566867828,-0.011229204013943672,0.0057754903100430965,-0.019892139360308647,-0.09527979046106339,-0.013283582404255867,0.15153999626636505,-0.28768062591552734,0.18786005675792694,0.19354940950870514,-0.001024566125124693,0.0914260745048523,0.0014465763233602047,-0.04792614281177521,-0.02532164193689823,-0.0866720899939537,-0.24317684769630432,-0.08460733294487,0.04172884300351143,-0.05661030113697052,0.03668040782213211,-0.047953274101018906",Criminal
istockphoto-172442090-612x612,"0.015918925404548645,0.17576466500759125,0.06437310576438904,-0.08721204102039337,-0.12081069499254227,-0.01991185173392296,-0.09193646907806396,-0.129675030708313,0.18193566799163818,-0.07116334140300751,0.18244384229183197,0.06955303996801376,-0.2766137719154358,0.0535651296377182,0.03429827094078064,0.09898494184017181,-0.18825970590114594,-0.09375996887683868,-0.11730869114398956,-0.06562697887420654,0.027911702170968056,0.038510262966156006,0.09854060411453247,0.06109170615673065,-0.1083117127418518,-0.20080438256263733,-0.14671148359775543,-0.07948582619428635,0.06734049320220947,-0.09664451330900192,-0.03764110058546066,-0.063637375831604,-0.17803902924060822,-0.1187843307852745,0.06377831846475601,-0.018825454637408257,-0.09135183691978455,-0.14458903670310974,0.2564857602119446,0.0539618581533432,-0.10846554487943649,0.0030060596764087677,0.04787970334291458,0.21613749861717224,0.10722339153289795,0.07523013651371002,0.040492258965969086,-0.08140537142753601,0.11344221234321594,-0.18870913982391357,0.12853002548217773,0.15019196271896362,0.152709499001503,0.07322295010089874,0.082549087703228,-0.20210906863212585,0.09557364881038666,0.20765981078147888,-0.2285148799419403,0.10933889448642731,0.13446539640426636,-0.08957509696483612,-0.020204026252031326,-0.028790263459086418,0.2630787491798401,0.1328408271074295,-0.1163204237818718,-0.13544270396232605,0.08016391098499298,-0.07120334357023239,-0.11207649856805801,0.042356133460998535,-0.13646413385868073,-0.12129490822553635,-0.25873082876205444,-0.009389771148562431,0.41086599230766296,0.13066133856773376,-0.2162080556154251,-0.04737592861056328,-0.08471109718084335,-0.0718928873538971,0.021060852333903313,0.07176076620817184,-0.1388140767812729,-0.029274556785821915,-0.08837541937828064,0.008433913812041283,0.19037967920303345,-0.010271946899592876,-0.05141725391149521,0.22470131516456604,0.054761871695518494,0.0319201685488224,0.029155520722270012,-0.009872877039015293,-0.1572188436985016,-0.08246909826993942,-0.14186079800128937,-0.028136176988482475,-0.04698988050222397,-0.065666064620018,-0.07173968106508255,0.11640435457229614,-0.18535341322422028,0.10460222512483597,0.028356794267892838,-0.125813826918602,-0.09146839380264282,0.00407731207087636,-0.18722257018089294,-0.08874078840017319,0.16849718987941742,-0.27113211154937744,0.17761078476905823,0.19125580787658691,0.05842434614896774,0.08977828919887543,0.0534791424870491,0.07131363451480865,0.012022587470710278,0.01751370169222355,-0.13310453295707703,-0.12431147694587708,0.10948517918586731,-0.04174784943461418,0.12307385355234146,0.021695727482438087",Criminal
istockphoto-174853640-612x612,"-0.1742597222328186,0.20002153515815735,0.06949445605278015,-0.03699877858161926,-0.19794610142707825,0.1049937903881073,-0.06429336220026016,-0.030253790318965912,0.10262463241815567,-0.08820797502994537,0.10906797647476196,-0.021699436008930206,-0.2258879542350769,-0.012826332822442055,0.10510347783565521,0.10156931728124619,-0.19483248889446259,-0.11505201458930969,-0.1867760568857193,-0.04437277466058731,-0.05989509075880051,0.08689138293266296,0.04170782491564751,0.050132326781749725,-0.1316930502653122,-0.4230351448059082,-0.09256574511528015,-0.045805707573890686,0.13559561967849731,-0.19072623550891876,-0.06495659798383713,-0.06855619698762894,-0.21048754453659058,-0.055770643055438995,-0.0008087549358606339,0.015482222661376,-0.024897541850805283,-0.07324627041816711,0.2067357897758484,0.008663021959364414,-0.17924824357032776,-0.006189808249473572,0.07564450055360794,0.29401227831840515,0.24853076040744781,0.06538046896457672,0.005425846204161644,-0.046618007123470306,0.12803126871585846,-0.26818737387657166,0.1278931051492691,0.18116621673107147,0.029687996953725815,0.0751001238822937,0.06595718860626221,-0.10545005649328232,-0.019392743706703186,0.18064886331558228,-0.1961188018321991,0.155641570687294,0.12826836109161377,-0.05006637051701546,-0.04498937726020813,-0.05189191550016403,0.2531462013721466,0.11330114305019379,-0.12710276246070862,-0.21454393863677979,0.0897359549999237,-0.17716775834560394,-0.021626584231853485,0.06946288794279099,-0.09790804982185364,-0.1640682816505432,-0.3277573585510254,0.0698384940624237,0.43005821108818054,0.2085251659154892,-0.20200400054454803,-0.0641525387763977,-0.11860941350460052,-0.08740773797035217,0.09498679637908936,0.12328404933214188,-0.10336408019065857,-0.11229898035526276,-0.03946135565638542,0.13386070728302002,0.24630065262317657,0.07587901502847672,-0.039108142256736755,0.2463146299123764,0.09243983030319214,-0.027466151863336563,-0.0016958937048912048,0.08869040757417679,-0.12650229036808014,-0.10272196680307388,-0.113514743745327,0.021598659455776215,0.01935550943017006,-0.0743737742304802,-0.010829663835465908,0.18320831656455994,-0.17578206956386566,0.23921386897563934,0.0178780909627676,-0.03119537979364395,0.0009879861027002335,-0.011281441897153854,-0.1484842151403427,-0.042219098657369614,0.18563738465309143,-0.30117061734199524,0.17420071363449097,0.21020430326461792,0.01773395761847496,0.11756892502307892,0.048728812485933304,0.10812053829431534,0.039272092282772064,0.042761363089084625,-0.11995580047369003,-0.08658050745725632,0.0718628391623497,-0.0796772837638855,0.08166523277759552,0.04905618354678154",Criminal
istockphoto-182166118-612x612,"-0.07681752741336823,0.051574550569057465,0.016824878752231598,0.001362391049042344,-0.12416978925466537,-0.00945759005844593,0.050443656742572784,-0.09799842536449432,0.11327233910560608,-0.04938933253288269,0.19429174065589905,-0.05696271359920502,-0.28200820088386536,-0.05655285343527794,-0.07549427449703217,0.1125277727842331,-0.15092609822750092,-0.17602722346782684,-0.09757638722658157,-0.18297986686229706,0.03586253151297569,0.09083828330039978,-0.0469956248998642,0.01398751512169838,-0.11793090403079987,-0.28074073791503906,-0.0056458208709955215,-0.1855611801147461,0.10408011823892593,-0.17098185420036316,-0.03352898359298706,0.05245593562722206,-0.16169574856758118,-0.08719266951084137,0.00437881238758564,0.03549421578645706,0.020593496039509773,-0.14790543913841248,0.17435404658317566,0.046829357743263245,-0.09028933942317963,0.02114563062787056,0.08916915953159332,0.3113212585449219,0.14726902544498444,-0.0076349638402462006,0.004417683929204941,-0.07230352610349655,0.15166181325912476,-0.31597137451171875,0.13445420563220978,0.04822520166635513,0.11044616252183914,0.10933531820774078,0.1616353541612625,-0.2847823202610016,0.008675677701830864,0.1071934923529625,-0.22470486164093018,0.16986064612865448,0.015184079296886921,0.04864291474223137,0.011266050860285759,-0.06432636082172394,0.1785396933555603,0.10545343905687332,-0.041152406483888626,-0.08300352841615677,0.11544521898031235,-0.21533173322677612,-0.0947827696800232,0.03941117972135544,-0.05472475662827492,-0.13625144958496094,-0.27588996291160583,0.09747536480426788,0.3976404070854187,0.21702201664447784,-0.2234320193529129,-0.006314867176115513,0.035122957080602646,-0.04792137071490288,0.1905992478132248,0.04634303227066994,-0.06871933490037918,-0.021594656631350517,-0.10842854529619217,-0.01245945319533348,0.18282610177993774,0.06116728484630585,-0.10607613623142242,0.25639888644218445,-0.020932864397764206,-0.013643216341733932,0.10320939123630524,0.05764806643128395,-0.13149911165237427,-0.0038030296564102173,-0.08385775983333588,-0.03149782493710518,0.05713412165641785,-0.14394687116146088,-0.03396996483206749,0.10375840961933136,-0.14674007892608643,0.07551158964633942,-0.062318105250597,-0.017000917345285416,-0.07181074470281601,-0.04250572249293327,-0.055538006126880646,0.0733380988240242,0.1600807160139084,-0.2739477753639221,0.2193828672170639,0.17935378849506378,0.0008429877925664186,0.18026918172836304,0.006855677347630262,-0.00936882197856903,0.03499697521328926,-0.03612283617258072,-0.1534561961889267,-0.09715450555086136,0.03241792693734169,-0.045741498470306396,-0.013219157233834267,0.07708343863487244",Criminal
istockphoto-485862687-612x612,"-0.16586053371429443,0.13085263967514038,0.11735458672046661,0.010197620838880539,-0.043085888028144836,-0.06409423053264618,-0.053008053451776505,-0.08635926991701126,0.11319521814584732,-0.0833125039935112,0.21293212473392487,-0.08437807112932205,-0.2355121225118637,-0.030699480324983597,-0.06795789301395416,0.04838547855615616,-0.22903014719486237,-0.13265211880207062,-0.03814336657524109,-0.052748337388038635,0.12549404799938202,0.04646110162138939,0.051032304763793945,-0.0028813425451517105,-0.16884452104568481,-0.31777286529541016,-0.08363533020019531,-0.13506028056144714,0.11589061468839645,-0.13836146891117096,-0.04554920643568039,-0.06506548821926117,-0.20499157905578613,-0.08925151824951172,-0.006447484716773033,0.04570913314819336,-0.0011395695619285107,-0.06569185107946396,0.1696346253156662,-0.005859049968421459,-0.15077361464500427,-0.04420654475688934,0.02251574397087097,0.33869579434394836,0.1279579997062683,0.07551778852939606,-0.030646912753582,-0.12582282721996307,0.10749662667512894,-0.2160712331533432,0.07808014750480652,0.15295825898647308,0.11972395330667496,0.04903941974043846,0.12113384902477264,-0.14876635372638702,0.12061161547899246,0.06281092762947083,-0.20009559392929077,0.06884332746267319,0.09207331389188766,-0.008512994274497032,0.012705006636679173,-0.010620485991239548,0.14296160638332367,-0.0035505720879882574,-0.01617337018251419,-0.17866553366184235,0.10330139845609665,-0.15427634119987488,-0.04567166417837143,0.1644565910100937,-0.05173317342996597,-0.16045409440994263,-0.28242406249046326,-0.06627392768859863,0.44935548305511475,0.13512980937957764,-0.16691482067108154,0.06784722954034805,-0.10090546309947968,-0.08998683840036392,0.1366581916809082,0.04946935921907425,-0.11690067499876022,0.09134770184755325,-0.18526022136211395,0.059384554624557495,0.15409892797470093,-0.023647263646125793,-0.05608152598142624,0.14111337065696716,0.051294632256031036,-0.02827233076095581,0.11002485454082489,0.0056009418331086636,-0.1762697994709015,0.022699136286973953,-0.11807697266340256,-0.08763384073972702,0.08391125500202179,-0.05394965037703514,-0.07128165662288666,0.1105261892080307,-0.22495226562023163,0.15104055404663086,0.028014786541461945,-0.08867748826742172,-0.02797829359769821,-0.06719256937503815,-0.08729899674654007,-0.0029524497222155333,0.130680650472641,-0.32685863971710205,0.08360955864191055,0.20706135034561157,0.041424158960580826,0.1478813737630844,0.013405315577983856,-0.008961284533143044,-0.040359050035476685,0.027886774390935898,-0.18769992887973785,-0.09341055154800415,0.009348037652671337,-0.03615698590874672,0.05696241185069084,-0.012371611781418324",Criminal
istockphoto-498311622-612x612,"-0.060808759182691574,0.061914414167404175,0.1308031529188156,-0.05879282206296921,-0.12711483240127563,-0.03726757690310478,0.05657144635915756,-0.13560722768306732,0.14379309117794037,-0.1346084326505661,0.1116887554526329,-0.0014396412298083305,-0.2549936771392822,0.08559805154800415,-0.09649642556905746,0.08951002359390259,-0.10222265869379044,-0.15762901306152344,-0.16392190754413605,-0.15637727081775665,-0.007734874729067087,0.13983336091041565,-0.10941539704799652,-0.03622808679938316,-0.030572619289159775,-0.23860694468021393,-0.09124135226011276,-0.048427700996398926,0.05674676597118378,-0.0217441339045763,0.04261793941259384,0.040940482169389725,-0.1538163423538208,-0.049321625381708145,0.030306559056043625,-0.03959766402840614,-0.126308873295784,-0.05080047994852066,0.14458170533180237,0.09948714077472687,-0.15957587957382202,-0.07706551998853683,0.07800721377134323,0.31197473406791687,0.1122884526848793,0.05618562176823616,-0.02742217294871807,-0.10199250280857086,0.08022776991128922,-0.285389244556427,0.1094762310385704,0.16964083909988403,0.17877233028411865,0.0995045006275177,0.15073679387569427,-0.13234943151474,0.030639613047242165,0.0696970671415329,-0.15697112679481506,0.1610952913761139,0.1371331810951233,-0.09991626441478729,-0.060570746660232544,-0.09633621573448181,0.15588422119617462,0.11175693571567535,-0.0368383452296257,-0.11781637370586395,0.212812140583992,-0.20997817814350128,-0.16473965346813202,0.020748576149344444,-0.03900901973247528,-0.07852128148078918,-0.2326214611530304,-0.06182184815406799,0.4353850781917572,0.19526800513267517,-0.15761825442314148,-0.0720098540186882,-0.1201106384396553,-0.022157758474349976,0.12610332667827606,0.004391447640955448,-0.13339117169380188,-0.04392477497458458,-0.057978708297014236,-0.009065115824341774,0.2227220982313156,-0.023634865880012512,-0.07603287696838379,0.18940633535385132,0.02490968629717827,-0.07505860924720764,0.00844479352235794,-0.04146790876984596,-0.12313676625490189,-0.05190492793917656,-0.12753023207187653,-0.1344016045331955,0.03977617248892784,-0.07566280663013458,0.011905526742339134,0.1646270602941513,-0.19478453695774078,0.22052161395549774,0.013124637305736542,-0.01645638421177864,0.04256941378116608,0.01037235464900732,-0.11017347872257233,-0.030041921883821487,0.19965143501758575,-0.10922355204820633,0.16656282544136047,0.13319459557533264,-0.018100367859005928,0.05980122461915016,0.01817735657095909,0.04147306829690933,-0.05634662136435509,-0.08667279779911041,-0.17066779732704163,-0.14324191212654114,0.027471546083688736,-0.03674333915114403,0.008006379939615726,0.044043537229299545",Criminal
istockphoto-508660602-612x612,"-0.07345496863126755,0.0395173653960228,-0.04281909763813019,-0.0041594854556024075,-0.046249762177467346,-0.05021272599697113,0.01868957281112671,-0.0955810397863388,0.23554952442646027,-0.07733429223299026,0.15098623931407928,-0.01758335530757904,-0.2449292689561844,-0.034285541623830795,-0.04905427247285843,0.07487137615680695,-0.08397185802459717,-0.1115204319357872,-0.15900027751922607,-0.1578381210565567,-0.015959607437253,0.0859956443309784,0.01952357031404972,0.0015869499184191227,-0.17763078212738037,-0.30772310495376587,-0.11812251806259155,-0.20968663692474365,0.05452025681734085,-0.12507441639900208,0.026307471096515656,0.011456271633505821,-0.12087669968605042,-0.075546033680439,0.02616708166897297,0.012537315487861633,-0.04816274344921112,-0.11144865304231644,0.2527748942375183,0.10911093652248383,-0.15052549540996552,0.004616242367774248,0.02059311792254448,0.3636043071746826,0.1436731070280075,-0.00122186413500458,0.027609389275312424,-0.06844091415405273,0.15179356932640076,-0.24927040934562683,0.05027586221694946,0.12715406715869904,0.09627589583396912,0.04089798033237457,0.21146473288536072,-0.09363076090812683,0.05348964035511017,0.10759884119033813,-0.29266655445098877,0.10643608123064041,0.0706009566783905,0.039324939250946045,-0.10788880288600922,-0.04427482560276985,0.1740432232618332,0.12360398471355438,-0.11799564212560654,-0.04871624708175659,0.14772021770477295,-0.24664558470249176,0.00921817496418953,0.1138414591550827,-0.04999006912112236,-0.23732373118400574,-0.19130432605743408,0.032284099608659744,0.48273009061813354,0.21878448128700256,-0.14871133863925934,0.023692093789577484,-0.05145611613988876,-0.09165000170469284,0.1257617175579071,0.04004058614373207,-0.10117468237876892,0.03101923316717148,-0.046681638807058334,0.03162049129605293,0.19331800937652588,0.03422757610678673,-0.03203120082616806,0.2423357367515564,-0.010517772287130356,-0.06377646327018738,0.03234598785638809,0.033940136432647705,-0.1572304666042328,-0.06487838923931122,-0.026372835040092468,-0.04933280125260353,0.1520286649465561,-0.14969731867313385,0.01960640773177147,0.025254398584365845,-0.20138482749462128,0.18380576372146606,-0.001374460756778717,-0.06143935024738312,0.012085472233593464,-0.016229266300797462,-0.06158891320228577,0.049987222999334335,0.215348482131958,-0.2967059910297394,0.15012811124324799,0.12281005829572678,-0.07155730575323105,0.135305255651474,-0.026334822177886963,0.01828615926206112,-0.05463222786784172,-0.019184544682502747,-0.16065146028995514,-0.1566825807094574,-0.049261149019002914,-0.022180385887622833,0.055181846022605896,-0.023295294493436813",Criminal
istockphoto-512704088-612x612,"-0.03386916592717171,0.05391601473093033,0.10296385735273361,-0.09890925139188766,-0.2050027847290039,0.052090853452682495,-0.04757661372423172,-0.08129218220710754,0.20208407938480377,-0.20177185535430908,0.18905866146087646,0.015049336478114128,-0.2662814259529114,0.11979252845048904,-0.06665024161338806,0.2147563099861145,-0.10982417315244675,-0.1852283775806427,-0.12716896831989288,-0.009736655279994011,0.021896859630942345,0.1216045692563057,0.023693794384598732,0.08721578866243362,-0.08878928422927856,-0.348184198141098,-0.10299624502658844,-0.07267231494188309,0.04624127969145775,-0.05251508951187134,-0.026647597551345825,-0.0022613785695284605,-0.12915267050266266,0.013660933822393417,0.06857342272996902,0.032765015959739685,-0.06462961435317993,-0.17296960949897766,0.1369055211544037,0.016105398535728455,-0.276216059923172,-0.036793921142816544,0.10774002969264984,0.1630355566740036,0.13275393843650818,0.03334568440914154,0.09332838654518127,-0.11864962428808212,0.05690239369869232,-0.30751103162765503,0.033953357487916946,0.12451875954866409,-0.025637803599238396,0.14602336287498474,0.0882643610239029,-0.17450428009033203,0.089128777384758,0.2122674286365509,-0.12336090952157974,0.10692820698022842,0.10495126247406006,0.011160513386130333,0.028309673070907593,0.030166972428560257,0.24982750415802002,0.10124274343252182,-0.11850931495428085,-0.15596996247768402,0.158889040350914,-0.1915319263935089,-0.1031242161989212,0.08130046725273132,-0.17165334522724152,-0.1668664813041687,-0.17035545408725739,-0.01608140580356121,0.5267242193222046,0.2037932127714157,-0.09800996631383896,0.027441317215561867,-0.07093080878257751,0.07102492451667786,0.074779212474823,0.058673080056905746,-0.03907877206802368,-0.08286908268928528,-0.10439448058605194,0.027714472264051437,0.2815961539745331,-0.0009624538943171501,0.023030703887343407,0.2811053395271301,0.04167826101183891,-0.010861833579838276,0.04537384957075119,0.13089928030967712,-0.09056086838245392,-0.03627636283636093,-0.10780210047960281,-0.05324160307645798,0.011505600064992905,-0.0023694057017564774,0.006429977249354124,0.130598247051239,-0.1706407219171524,0.14748351275920868,-0.07236585021018982,-0.004403267987072468,0.06175451725721359,0.13374409079551697,-0.0766592025756836,-0.08051911741495132,0.1395319402217865,-0.16939078271389008,0.17725041508674622,0.1948990374803543,0.05246347934007645,0.08990424126386642,0.05730057135224342,0.11653188616037369,0.008385971188545227,-0.07895729690790176,-0.1463535577058792,-0.11338769644498825,0.038961369544267654,-0.05034071207046509,0.008367549628019333,0.015117843635380268",Criminal
istockphoto-512904010-612x612,"-0.13894709944725037,0.0723455473780632,0.11748360097408295,-0.046216074377298355,-0.12424848228693008,-0.05442722514271736,-0.017045214772224426,-0.022004155442118645,0.10807517170906067,-0.031032338738441467,0.1859838366508484,-0.10581807047128677,-0.31131264567375183,-0.04981011152267456,0.04867194965481758,0.2057051956653595,-0.024623174220323563,-0.14005480706691742,-0.03567209094762802,-0.1402878761291504,0.05642371624708176,0.10202351212501526,-0.044767651706933975,0.07485363632440567,-0.14340104162693024,-0.35298240184783936,-0.07509944587945938,-0.09767469763755798,-0.043478019535541534,-0.08644480258226395,0.002863306552171707,0.09069978445768356,-0.1311933696269989,-0.08348417282104492,0.06970282644033432,0.06867794692516327,-0.006623095367103815,-0.0758599042892456,0.14592398703098297,0.0365796834230423,-0.12516160309314728,-0.014312710613012314,0.06177975982427597,0.2808557152748108,0.059455543756484985,0.0597531720995903,0.07996312528848648,-0.058379169553518295,0.06504181027412415,-0.27717721462249756,0.07828041911125183,0.13829421997070312,0.00622027600184083,0.05461827665567398,0.16846832633018494,-0.11672088503837585,0.060655802488327026,0.12545575201511383,-0.24938079714775085,0.1206665113568306,0.09641636162996292,-0.02388056367635727,-0.08637117594480515,-0.1126948818564415,0.19580957293510437,0.0970095545053482,-0.08510853350162506,-0.08692844212055206,0.16886891424655914,-0.0929042398929596,-0.11310729384422302,0.047644492238759995,-0.1215590238571167,-0.13411349058151245,-0.31115224957466125,0.06508655846118927,0.3434516191482544,0.1474350541830063,-0.2329932302236557,0.02456953004002571,-0.011158713139593601,0.07114437967538834,0.1238076388835907,-0.03895116597414017,-0.03488479554653168,-0.07405095547437668,-0.09772893786430359,0.030274245887994766,0.16191722452640533,0.03251813352108002,-0.004688773304224014,0.23033015429973602,0.034154798835515976,0.0006233574822545052,0.0597541369497776,0.12874750792980194,-0.08330292999744415,-0.07962209731340408,-0.09277936071157455,-0.030788607895374298,0.15421977639198303,-0.09720753878355026,0.0019141256343573332,0.1234784871339798,-0.23763088881969452,0.15022467076778412,-0.027655985206365585,-0.012731333263218403,-0.04365217685699463,0.07910540699958801,-0.11762595176696777,0.04820510745048523,0.13744042813777924,-0.2293061465024948,0.18581841886043549,0.17220911383628845,-0.0770028829574585,0.07955825328826904,0.0050031947903335094,0.043608613312244415,-0.06782148033380508,-0.11720018088817596,-0.1443728506565094,-0.17263157665729523,0.06455400586128235,0.005023817997425795,-0.010690913535654545,0.08515506982803345",Criminal
istockphoto-512979184-612x612,"-0.13069762289524078,0.06515569984912872,0.05004773661494255,-0.070759117603302,-0.09238392114639282,-0.03267460688948631,0.01126628927886486,-0.0315207801759243,0.10198969393968582,-0.012901414185762405,0.18450883030891418,-0.09990395605564117,-0.3458424508571625,-0.02706598863005638,0.03245347738265991,0.14916840195655823,-0.07939258217811584,-0.12403497844934464,-0.0440756157040596,-0.12861080467700958,0.033293984830379486,0.08868241310119629,-0.045665014535188675,0.0885048657655716,-0.13968653976917267,-0.30464914441108704,-0.05922714248299599,-0.13671860098838806,-0.028265677392482758,-0.08029413968324661,0.012827260419726372,0.12607751786708832,-0.11987889558076859,-0.07216925919055939,0.08050911128520966,0.05849766731262207,0.02152009680867195,-0.07091934233903885,0.16044831275939941,0.0689200609922409,-0.10510186105966568,-0.07047834247350693,0.060272715985774994,0.30424168705940247,0.03317565843462944,0.058969806879758835,0.0628863126039505,-0.07697374373674393,0.10449124127626419,-0.22433637082576752,0.05701230838894844,0.14167286455631256,0.059714045375585556,0.046074189245700836,0.11683253943920135,-0.14827068150043488,0.0885862186551094,0.11435877531766891,-0.2580249011516571,0.11177538335323334,0.09559430927038193,-0.052566468715667725,-0.08254161477088928,-0.0968482494354248,0.21021126210689545,0.06210103631019592,-0.08526280522346497,-0.07622084021568298,0.18379826843738556,-0.06627120822668076,-0.11219371110200882,0.07068201154470444,-0.12099854648113251,-0.13574936985969543,-0.2463458776473999,0.06355659663677216,0.3073354661464691,0.14964716136455536,-0.20655527710914612,0.019567780196666718,-0.046549469232559204,0.023633820936083794,0.09862186014652252,-0.005188961513340473,-0.09263249486684799,-0.030515527352690697,-0.10611944645643234,0.018564600497484207,0.1685062050819397,0.02463739924132824,0.005803825333714485,0.21616412699222565,0.020031802356243134,-0.028798028826713562,0.07453256100416183,0.0916181281208992,-0.13709360361099243,-0.06954187154769897,-0.10436591506004333,-0.09269456565380096,0.17640721797943115,-0.1200924888253212,0.010283416137099266,0.1247660219669342,-0.24734142422676086,0.12007240951061249,-0.031020963564515114,-0.048544853925704956,-0.024605153128504753,0.012616683728992939,-0.07810837775468826,0.02122592180967331,0.15121407806873322,-0.21474874019622803,0.1404751092195511,0.13908666372299194,-0.019151940941810608,0.09003228694200516,0.01527264341711998,0.04436898231506348,-0.07622157782316208,-0.11258607357740402,-0.1525021195411682,-0.16086025536060333,0.12025348842144012,0.027573708444833755,0.010260290466248989,0.02056615799665451",Criminal
istockphoto-534190521-612x612,"-0.09136481583118439,0.06375245749950409,-0.021631892770528793,-0.10084617137908936,-0.16766546666622162,-0.05664672330021858,0.052907396107912064,0.030233632773160934,0.10851036012172699,0.03292899206280708,0.10959881544113159,-0.07509884983301163,-0.3244275748729706,-0.03213493898510933,-0.029901135712862015,0.1170044094324112,-0.11682632565498352,-0.165607288479805,-0.12443750351667404,-0.044790979474782944,0.08015298843383789,0.007168563082814217,-0.04459451884031296,0.0750797763466835,-0.15164363384246826,-0.32890692353248596,-0.09862274676561356,-0.05960101634263992,0.0391412153840065,-0.08378083258867264,0.04475557804107666,0.060646671801805496,-0.13669916987419128,-0.06419744342565536,0.03191748261451721,0.04749305546283722,0.019248871132731438,-0.06594742089509964,0.229546919465065,0.06060214340686798,-0.26245808601379395,0.04528277367353439,0.06600863486528397,0.35247862339019775,0.09727127104997635,0.03575286269187927,0.1023973822593689,0.007029606029391289,0.10145188122987747,-0.2643011510372162,0.15498362481594086,0.18096467852592468,0.14002735912799835,-0.027326714247465134,0.11649812012910843,-0.1690293252468109,0.002573171630501747,0.2411465346813202,-0.25677457451820374,0.09026086330413818,0.12306982278823853,-0.023612309247255325,-0.0699063166975975,-0.16172263026237488,0.13893738389015198,0.09745510667562485,-0.11610914766788483,-0.11528179049491882,0.21819783747196198,-0.1485874354839325,-0.013506965711712837,0.033690448850393295,-0.12434873729944229,-0.110483817756176,-0.3223751187324524,0.0778951346874237,0.39456772804260254,0.147164985537529,-0.11657451093196869,0.03591170907020569,-0.06257247924804688,0.07434533536434174,0.03495923429727554,-0.0329819992184639,-0.1853228509426117,0.03469984233379364,-0.11955540627241135,0.06990674138069153,0.1314980834722519,0.033356375992298126,0.0067392634227871895,0.15856735408306122,0.07460222393274307,-0.058558687567710876,0.049739301204681396,0.035274479538202286,-0.08890955150127411,-0.0653633177280426,-0.06784429401159286,0.09304291754961014,0.07847200334072113,-0.23344069719314575,0.026396924629807472,0.0985967218875885,-0.22988088428974152,0.09352108836174011,-0.0005803511012345552,-0.027328789234161377,-0.07725409418344498,0.07464747875928879,-0.10828104615211487,-0.004174239467829466,0.16022814810276031,-0.27067530155181885,0.14278577268123627,0.18056347966194153,-0.027764583006501198,0.07720673829317093,0.06007692217826843,0.04925549775362015,-0.04484318569302559,-0.06420254707336426,-0.1627950519323349,-0.10337285697460175,0.07263341546058655,-0.03670872747898102,0.06603620946407318,0.09933789819478989",Criminal
istockphoto-539205615-612x612,"-0.0738927572965622,0.1052175834774971,-0.01608424447476864,-0.09161658585071564,-0.1101219654083252,0.019311808049678802,0.0847446471452713,-0.05242430046200752,0.17231571674346924,-0.007871432229876518,0.25429069995880127,-0.09280063956975937,-0.2242027372121811,-0.12756142020225525,0.025728445500135422,0.13873854279518127,-0.13109980523586273,-0.06579730659723282,-0.08915791660547256,-0.11221723258495331,0.05103512108325958,0.03651293367147446,0.007903393357992172,-0.0007608686573803425,-0.13711760938167572,-0.3059122562408447,-0.009042237885296345,-0.1247919425368309,0.15598464012145996,-0.08743076026439667,0.05859839543700218,0.11493595689535141,-0.10930247604846954,-0.04815468192100525,0.044627152383327484,0.017143653705716133,-0.09620675444602966,-0.10145921260118484,0.2229546755552292,-0.01965748332440853,-0.1516636162996292,-0.05575907975435257,0.0388190820813179,0.2772771716117859,0.14055651426315308,-0.03517340496182442,0.05027392879128456,-0.12195488810539246,0.08475297689437866,-0.23730197548866272,0.03112468123435974,0.15852081775665283,0.05033770576119423,0.07459726184606552,0.07330148667097092,-0.0916430726647377,0.0325317457318306,0.10030123591423035,-0.32431167364120483,-0.0299929641187191,0.08972480893135071,0.05359622463583946,-0.15171346068382263,-0.13420552015304565,0.15410055220127106,0.13189822435379028,-0.10344807803630829,-0.1332593560218811,0.13066941499710083,-0.13831715285778046,-0.017523039132356644,0.1135452389717102,-0.13877339661121368,-0.20011603832244873,-0.19431401789188385,0.05964256078004837,0.31219473481178284,0.18172955513000488,-0.09796211123466492,-0.02287198230624199,-0.027455929666757584,-0.00143495574593544,0.11689084768295288,-0.019638216122984886,-0.10658426582813263,-0.06249802187085152,0.02160896733403206,0.09811572730541229,0.08427468687295914,-0.09657497704029083,-0.035243745893239975,0.17850622534751892,0.04426577687263489,-0.07384393364191055,-0.03828023746609688,0.03782368078827858,-0.03452080488204956,0.06526873260736465,-0.08646059036254883,-0.015135730616748333,0.164007306098938,-0.09525597840547562,0.10722950100898743,0.10049984604120255,-0.22222578525543213,0.1879163682460785,0.03317449241876602,-0.029179496690630913,0.06739301979541779,-0.08274693042039871,-0.05042082071304321,0.02414005994796753,0.17151793837547302,-0.2306077927350998,0.20470313727855682,0.15948984026908875,0.014646248891949654,0.10984738171100616,0.029899436980485916,0.03603299334645271,-0.004348591901361942,-0.07319653779268265,-0.1319817453622818,-0.026727402582764626,0.06522321701049805,-0.010412190109491348,-0.007988069206476212,-0.04773680493235588",Criminal
istockphoto-996415964-612x612,"-0.07518865913152695,0.10735273361206055,0.0797201544046402,-0.03204832226037979,-0.05895911902189255,-0.020156193524599075,-0.07282377779483795,-0.16548922657966614,0.2193087935447693,-0.12644222378730774,0.10931489616632462,0.030235998332500458,-0.20449911057949066,-0.0030927809420973063,-0.026395034044981003,0.060723669826984406,-0.1529889553785324,-0.2180580049753189,-0.05000403895974159,-0.1420293003320694,0.06633570045232773,0.06701770424842834,0.007849141955375671,0.013914475217461586,-0.247322678565979,-0.2641814351081848,-0.20224222540855408,-0.1666821837425232,0.03520097956061363,-0.09437737613916397,0.07126763463020325,-0.015764908865094185,-0.15467244386672974,-0.020783718675374985,0.04389265924692154,0.056730907410383224,0.02250961773097515,-0.0490269660949707,0.2035275250673294,0.015441082417964935,-0.13854116201400757,0.012379743158817291,0.03337429463863373,0.25491219758987427,0.09099620580673218,0.09146513789892197,0.06090026721358299,-0.03544143587350845,0.15429358184337616,-0.15736746788024902,0.11529554426670074,0.1592925488948822,0.047873273491859436,0.1008499413728714,0.13800418376922607,-0.20120222866535187,0.032010387629270554,0.1322983205318451,-0.18877287209033966,0.12878136336803436,0.06235839053988457,-0.04085857421159744,-0.013945337384939194,0.07595883309841156,0.1925896555185318,0.1014348566532135,-0.10969294607639313,-0.1072889193892479,0.148719921708107,-0.16262687742710114,-0.0404520183801651,0.0762116014957428,-0.15915532410144806,-0.12283319979906082,-0.24964097142219543,0.030664319172501564,0.5063110589981079,0.07626482844352722,-0.11949358135461807,0.042119041085243225,-0.0012736704666167498,0.006383498199284077,0.05601177364587784,0.062917061150074,-0.1641043722629547,0.09569677710533142,-0.0663435161113739,0.10403180122375488,0.22246327996253967,0.0668192058801651,-0.07999087870121002,0.19705072045326233,-0.034031160175800323,0.06919058412313461,0.06749408692121506,0.05793004482984543,-0.08550001680850983,-0.10201795399188995,-0.07478499412536621,-0.009858674369752407,0.08579426258802414,0.006516874767839909,-0.046884935349226,0.09791168570518494,-0.12191560864448547,0.14319050312042236,-0.0058931647799909115,-0.05207463353872299,-0.18809053301811218,0.06059463694691658,-0.15447162091732025,0.04105212911963463,0.1954980045557022,-0.25678694248199463,0.19063086807727814,0.1565735936164856,-0.05877665430307388,0.12617452442646027,0.03954372555017471,-0.009523782879114151,-0.00870339572429657,-0.033939287066459656,-0.12643928825855255,-0.1347549557685852,0.0615607351064682,-0.021362151950597763,0.12233491986989975,0.010077249258756638",Criminal
real-grand-theft-auto-charges,"-0.13536442816257477,0.06959107518196106,0.08329589664936066,-0.010832383297383785,-0.06105947121977806,-0.012566883116960526,0.02708207443356514,0.003252081573009491,0.19094648957252502,0.022062791511416435,0.21778526902198792,-0.015408186241984367,-0.2610985040664673,-0.02441943809390068,-0.09967614710330963,0.11356397718191147,-0.07698534429073334,-0.07985961437225342,-0.11385204643011093,-0.03305531293153763,0.11462029069662094,0.15345443785190582,-0.010542284697294235,0.09397832304239273,-0.1416730284690857,-0.31420135498046875,-0.056529659777879715,-0.04268399626016617,-0.04675627499818802,-0.08080947399139404,0.02393333800137043,0.12793853878974915,-0.19086654484272003,-0.14510224759578705,0.042059168219566345,0.0933990478515625,-0.03107115440070629,-0.04661664366722107,0.16904057562351227,0.03783143311738968,-0.1541726440191269,0.011869747191667557,0.05648712068796158,0.3636651933193207,0.06185652315616608,0.058382224291563034,0.04992499202489853,-0.05105772987008095,0.0562780499458313,-0.34835484623908997,0.024548303335905075,0.17351864278316498,0.07892778515815735,0.10888990759849548,0.05011094734072685,-0.1315138339996338,0.08312346041202545,0.17087529599666595,-0.2387210875749588,0.07322368025779724,0.024438342079520226,-0.061363041400909424,0.07435987144708633,-0.02832668460905552,0.19698980450630188,0.07947055995464325,-0.07069574296474457,-0.10604359954595566,0.06009684130549431,-0.15858212113380432,-0.05952373147010803,0.1389155387878418,-0.09056245535612106,-0.2017083615064621,-0.33484768867492676,0.06411099433898926,0.4420466423034668,0.17018355429172516,-0.11663612723350525,0.07007092982530594,-0.13015085458755493,0.019550034776329994,0.04248710349202156,-0.03558182716369629,-0.13370688259601593,0.0957133024930954,-0.12800796329975128,0.08871498703956604,0.24697791039943695,0.062111709266901016,-0.05828118324279785,0.2838519811630249,0.10771574825048447,-0.028965825214982033,0.09166659414768219,0.045717496424913406,-0.0166567862033844,-0.03902684897184372,-0.10574740916490555,0.045118413865566254,0.05043766647577286,-0.060849882662296295,0.06493569910526276,0.07323476672172546,-0.24885591864585876,0.15411537885665894,-0.031221095472574234,-0.03378032147884369,-0.028157006949186325,0.005244270898401737,-0.13591651618480682,0.018613893538713455,0.17029546201229095,-0.28878897428512573,0.14381778240203857,0.13128720223903656,0.04813463240861893,0.16187764704227448,0.03921530023217201,0.023449134081602097,-0.07429676502943039,-0.07204568386077881,-0.0674579069018364,-0.080832839012146,0.14919961988925934,-0.017292123287916183,0.13490262627601624,0.04178432747721672",Criminal
